Date,Close/Last,Volume,Open,High,Low,Day,,Source
2/24/2020,29.16,36848710,29.42,29.88,29.01,0,,Nasdaq
2/25/2020,28.27,31891980,29.41,29.57,28.11,1,,Nasdaq
2/26/2020,28.59,23088560,28.44,28.82,28.4,2,,Nasdaq
2/27/2020,27.4,34837090,28.03,28.53,27.35,3,,Nasdaq
2/28/2020,27.26,44604240,26.33,27.41,26.27,4,,Nasdaq
3/2/2020,28.5,31976470,27.68,28.54,27.12,5,,Nasdaq
3/3/2020,27.43,29929680,28.47,28.85,27.16,6,,Nasdaq
3/4/2020,28.55,23477890,27.75,28.57,27.48,7,,Nasdaq
3/5/2020,27.4,24374130,27.73,28.31,27.25,8,,Nasdaq
3/6/2020,26.95,30168770,26.7,27.09,26.25,9,,Nasdaq
3/9/2020,24.77,43933600,25.11,26.03,24.42,10,,Nasdaq
3/10/2020,26.29,55075310,25.66,26.37,24.34,11,,Nasdaq
3/11/2020,24.6,36043720,25.39,25.65,24.25,12,,Nasdaq
3/12/2020,21.88,64281110,22.7,24.28,21.63,13,,Nasdaq
3/13/2020,23.42,84713690,22.55,23.45,20.12,14,,Nasdaq
3/16/2020,18.76,76935020,20.82,21.88,18.02,15,,Nasdaq
3/17/2020,19.95,70661560,19.18,20,18.15,16,,Nasdaq
3/18/2020,16.79,98992620,18.57,18.75,15.57,17,,Nasdaq
3/19/2020,19.45,74438210,16.76,20.75,16.5,18,,Nasdaq
3/20/2020,19.22,74043670,20.2,20.87,18.79,19,,Nasdaq
3/23/2020,19.35,46920520,19.29,19.6,17.78,20,,Nasdaq
3/24/2020,21.28,62969770,20.56,21.87,20.13,21,,Nasdaq
3/25/2020,21.76,64442450,21.22,24.4,20.92,22,,Nasdaq
3/26/2020,24.32,60233430,22.6,24.48,22.6,23,,Nasdaq
3/27/2020,23.07,39447710,23.3,24.21,23,24,,Nasdaq
3/30/2020,24.01,52343490,23.22,24.14,22.84,25,,Nasdaq
3/31/2020,23.71,50215310,23.8,25.27,23.61,26,,Nasdaq
4/1/2020,22.36,41858320,22.8,23.44,21.97,27,,Nasdaq
4/2/2020,23.71,45048830,22.24,23.8,22.14,28,,Nasdaq
4/3/2020,23.43,28961480,23.66,24.26,23.06,29,,Nasdaq
4/6/2020,25.24,38867860,24.46,25.34,24.36,30,,Nasdaq
4/7/2020,25.33,45892070,26.18,26.55,25.25,31,,Nasdaq
4/8/2020,26.11,27565460,25.68,26.22,25.36,32,,Nasdaq
4/9/2020,25.43,34827590,26.58,26.75,25.13,33,,Nasdaq
4/13/2020,25.99,25728580,25.35,26.15,25.28,34,,Nasdaq
4/14/2020,26.76,23096320,26.61,26.84,26.23,35,,Nasdaq
4/15/2020,25.74,25926480,26.1,26.23,25.62,36,,Nasdaq
4/16/2020,25.83,26895920,26.18,26.18,25.41,37,,Nasdaq
4/17/2020,26.59,34088800,26.32,26.74,25.89,38,,Nasdaq
4/20/2020,25.83,23801220,26,26.53,25.79,39,,Nasdaq
4/21/2020,24.77,29138050,25.46,25.48,24.68,40,,Nasdaq
4/22/2020,26,35441840,25.48,26.22,25.07,41,,Nasdaq
4/23/2020,25.89,21661690,26.03,26.52,25.85,42,,Nasdaq
4/24/2020,26.48,23425110,25.98,26.51,25.89,43,,Nasdaq
4/27/2020,26.85,16592490,26.44,27.12,26.44,44,,Nasdaq
4/28/2020,26.47,18992250,27.42,27.64,26.41,45,,Nasdaq
4/29/2020,27.6,28870690,27.11,27.7,26.92,46,,Nasdaq
4/30/2020,27.16,23379430,27.35,27.41,26.88,47,,Nasdaq
5/1/2020,25.97,26835610,26.6,26.79,25.82,48,,Nasdaq
5/4/2020,26.23,17046090,25.92,26.24,25.53,49,,Nasdaq
5/5/2020,26.49,26463590,26.66,26.89,26.37,50,,Nasdaq
5/6/2020,26.42,22729930,26.83,27.05,26.36,51,,Nasdaq
5/7/2020,26.78,18247050,27,27.05,26.6,52,,Nasdaq
5/8/2020,27.5,16767000,27.22,27.56,27,53,,Nasdaq
5/11/2020,27.54,20850970,27.34,27.67,27.18,54,,Nasdaq
5/12/2020,26.85,18763820,27.66,27.77,26.82,55,,Nasdaq
5/13/2020,26.32,21927400,27.01,27.03,25.94,56,,Nasdaq
5/14/2020,26.66,19911930,26.1,26.7,25.48,57,,Nasdaq
5/15/2020,26.04,21654220,25.94,26.41,25.68,58,,Nasdaq
5/18/2020,27.35,26537230,26.86,27.67,26.8,59,,Nasdaq
5/19/2020,27.2,18701790,27.35,27.6,27.16,60,,Nasdaq
5/20/2020,27.87,18605400,27.7,28.13,27.61,61,,Nasdaq
5/21/2020,27.48,14848950,27.89,27.95,27.47,62,,Nasdaq
5/22/2020,27.67,17452840,27.37,27.73,27.05,63,,Nasdaq
5/26/2020,28.2,23572860,28.5,28.71,28.14,64,,Nasdaq
5/27/2020,28.76,22811610,28.3,28.78,28,65,,Nasdaq
5/28/2020,28.31,18555170,28.5,28.93,28.24,66,,Nasdaq
5/29/2020,29.13,27323830,28.29,29.2,28.19,67,,Nasdaq
6/1/2020,29,18447880,29.04,29.11,28.74,68,,Nasdaq
6/2/2020,29.81,31846920,29.1,29.83,29.01,69,,Nasdaq
6/3/2020,30.95,31925830,30.11,31.09,30.05,70,,Nasdaq
6/4/2020,30.89,34997390,30.58,31.3,30.21,71,,Nasdaq
6/5/2020,31.71,50961950,31.97,32.81,31.51,72,,Nasdaq
6/8/2020,31.75,23916100,31.75,31.88,31.34,73,,Nasdaq
6/9/2020,31.53,22334770,31.2,31.89,31.16,74,,Nasdaq
6/10/2020,31.5,25913650,31.67,31.92,31.47,75,,Nasdaq
6/11/2020,29.38,45114770,30.76,30.86,29.34,76,,Nasdaq
6/12/2020,30.03,39439170,30.28,30.4,29.27,77,,Nasdaq
6/15/2020,30.41,29872290,29.5,30.68,29.24,78,,Nasdaq
6/16/2020,31.07,30400100,31,31.46,30.4,79,,Nasdaq
6/17/2020,31.34,20279210,31.34,31.67,31.18,80,,Nasdaq
6/18/2020,31.87,33624570,31.21,31.91,31.15,81,,Nasdaq
6/19/2020,30.28,58464640,31.77,31.81,30.28,82,,Nasdaq
6/22/2020,31.35,27194720,30.55,31.42,30.35,83,,Nasdaq
6/23/2020,31.13,22418980,31.51,31.74,31.13,84,,Nasdaq
6/24/2020,30.7,19097290,30.92,31.1,30.45,85,,Nasdaq
6/25/2020,30.89,15030110,30.61,30.95,30.3,86,,Nasdaq
6/26/2020,30.74,31425340,31.36,31.58,30.32,87,,Nasdaq
6/29/2020,30.98,14516020,30.81,31.04,30.45,88,,Nasdaq
6/30/2020,31.56,25125420,31,31.71,30.68,89,,Nasdaq
7/1/2020,31.27,15661970,31.51,31.69,31.19,90,,Nasdaq
7/2/2020,31.55,16638570,31.77,31.94,31.47,91,,Nasdaq
7/6/2020,31.88,17560700,32,32.1,31.73,92,,Nasdaq
7/7/2020,31.31,16153460,31.73,31.82,31.26,93,,Nasdaq
7/8/2020,31.96,18022630,31.61,31.98,31.41,94,,Nasdaq
7/9/2020,32.15,25227860,32,32.43,31.52,95,,Nasdaq
7/10/2020,31.94,13281250,32.19,32.3,31.54,96,,Nasdaq
7/13/2020,31.13,21549400,32.17,32.35,31.06,97,,Nasdaq
7/14/2020,31.51,18363170,30.9,31.62,30.52,98,,Nasdaq
7/15/2020,31.38,15252830,31.6,31.78,31.02,99,,Nasdaq
7/16/2020,31.13,12930730,31.06,31.39,30.93,100,,Nasdaq
7/17/2020,31.27,13355120,31.42,31.52,31,101,,Nasdaq
7/20/2020,31.71,14325760,31.19,31.77,31.03,102,,Nasdaq
7/21/2020,31.43,14347620,31.92,31.92,31.27,103,,Nasdaq
7/22/2020,31.38,14404500,31.5,31.57,31.04,104,,Nasdaq
7/23/2020,30.97,19417190,31.34,31.61,30.84,105,,Nasdaq
7/24/2020,30.58,15634030,30.66,31.09,30.42,106,,Nasdaq
7/27/2020,31.27,20646020,30.83,31.3,30.75,107,,Nasdaq
7/28/2020,30.74,13978480,31.12,31.21,30.62,108,,Nasdaq
7/29/2020,30.89,16561620,30.85,31.12,30.74,109,,Nasdaq
7/30/2020,31.21,21258530,30.6,31.29,30.6,110,,Nasdaq
7/31/2020,31.68,24720080,31.47,31.84,31.14,111,,Nasdaq
8/3/2020,32.12,20800360,31.8,32.35,31.73,112,,Nasdaq
8/4/2020,32.84,25260450,32.05,32.86,32.04,113,,Nasdaq
8/5/2020,32.95,22302110,32.83,33.16,32.58,114,,Nasdaq
8/6/2020,32.92,14192960,32.78,33.09,32.54,115,,Nasdaq
8/7/2020,32.59,14193320,32.84,32.97,32.15,116,,Nasdaq
8/10/2020,32.74,11990080,32.42,32.93,32.41,117,,Nasdaq
8/11/2020,32.4,19315960,32.76,33.33,32.28,118,,Nasdaq
8/12/2020,33.36,18476430,32.59,33.59,32.54,119,,Nasdaq
8/13/2020,32.94,15097720,33.22,33.34,32.79,120,,Nasdaq
8/14/2020,32.78,10140050,32.8,32.99,32.6,121,,Nasdaq
8/17/2020,33.03,10594140,32.95,33.18,32.9,122,,Nasdaq
8/18/2020,32.86,8859360,33.19,33.32,32.81,123,,Nasdaq
8/19/2020,32.92,11273140,32.95,33.31,32.82,124,,Nasdaq
8/20/2020,32.88,8910270,32.77,33,32.61,125,,Nasdaq
8/21/2020,33,11508670,32.83,33.05,32.5,126,,Nasdaq
8/24/2020,33.4,11997510,33.2,33.62,33.11,127,,Nasdaq
8/25/2020,33.61,11143340,33.5,33.71,33.3,128,,Nasdaq
8/26/2020,33.97,14844030,33.47,34.15,33.35,129,,Nasdaq
8/27/2020,33.91,12552110,34.05,34.13,33.61,130,,Nasdaq
8/28/2020,34.48,14588730,33.9,34.48,33.77,131,,Nasdaq
8/31/2020,34.72,22228980,34.35,35.06,34.35,132,,Nasdaq
9/1/2020,35.95,29258970,35,36.21,34.74,133,,Nasdaq
9/2/2020,37.5,37053380,36.59,37.9,36.36,134,,Nasdaq
9/3/2020,35.21,41794720,36.6,36.89,35.02,135,,Nasdaq
9/4/2020,36.3,58513730,36.1,37.25,35.35,136,,Nasdaq
9/8/2020,35.05,26685080,35.27,36.28,35,137,,Nasdaq
9/9/2020,36,26273240,35.62,36.19,35.11,138,,Nasdaq
9/10/2020,35.71,22851320,36.21,36.78,35.44,139,,Nasdaq
9/11/2020,35.97,17361980,36.05,36.43,35.47,140,,Nasdaq
9/14/2020,36.22,16448540,36.44,36.59,35.93,141,,Nasdaq
9/15/2020,36.69,16617850,36.63,37.11,36.54,142,,Nasdaq
9/16/2020,36.7,18512090,36.82,37.2,36.64,143,,Nasdaq
9/17/2020,36.59,22864230,35.5,37.01,35.5,144,,Nasdaq
9/18/2020,35.97,35294810,36.71,36.78,35.51,145,,Nasdaq
9/21/2020,35.18,24198340,35,35.2,34.35,146,,Nasdaq
9/22/2020,36.16,19500250,35.64,36.18,35.3,147,,Nasdaq
9/23/2020,35.16,15545370,36.02,36.12,35,148,,Nasdaq
9/24/2020,35.25,13613760,35.02,35.76,34.91,149,,Nasdaq
9/25/2020,35.68,18183420,35.21,35.77,34.83,150,,Nasdaq
9/28/2020,36.73,22191600,36.17,36.84,35.9,151,,Nasdaq
9/29/2020,36.43,13829970,36.75,37.08,36.4,152,,Nasdaq
9/30/2020,36.43,22403280,36.3,37.1,36.17,153,,Nasdaq
10/1/2020,36.86,16018680,36.9,37.07,36.48,154,,Nasdaq
10/2/2020,35.68,17100210,36,36.49,35.62,155,,Nasdaq
10/5/2020,36.61,18923280,36.08,36.69,35.99,156,,Nasdaq
10/6/2020,36.4,16671930,36.61,37.2,36.2,157,,Nasdaq
10/7/2020,36.67,12750080,36.84,36.99,36.61,158,,Nasdaq
10/8/2020,37.33,17045350,36.99,37.43,36.83,159,,Nasdaq
10/9/2020,37.67,17255470,37.59,38,37.4,160,,Nasdaq
10/12/2020,38.24,18839480,38.18,38.51,37.98,161,,Nasdaq
10/13/2020,38.15,16731450,38.44,38.78,37.86,162,,Nasdaq
10/14/2020,38.03,17301530,38.35,38.37,37.79,163,,Nasdaq
10/15/2020,37.99,14373540,37.51,38.05,37.5,164,,Nasdaq
10/16/2020,37.87,10297020,38.33,38.33,37.82,165,,Nasdaq
10/19/2020,37.58,14802730,38.12,38.36,37.52,166,,Nasdaq
10/20/2020,37.7,13296920,37.7,38.11,37.56,167,,Nasdaq
10/21/2020,37.21,11896350,37.58,37.69,37.03,168,,Nasdaq
10/22/2020,37.34,13548420,37.11,37.43,36.71,169,,Nasdaq
10/23/2020,37.27,8868490,37.33,37.39,37.08,170,,Nasdaq
10/26/2020,36.3,15508960,36.96,37,35.76,171,,Nasdaq
10/27/2020,35.96,9619960,36.52,36.52,35.92,172,,Nasdaq
10/28/2020,34.72,22331440,35.4,35.49,34.55,173,,Nasdaq
10/29/2020,35.5,15697350,34.73,35.94,34.54,174,,Nasdaq
10/30/2020,34.96,18530260,34.94,35.3,34.44,175,,Nasdaq
11/2/2020,35.13,11756540,35.5,35.54,34.83,176,,Nasdaq
11/3/2020,35.38,15457000,35.6,35.92,34.67,177,,Nasdaq
11/4/2020,36.46,21276610,36.05,36.9,35.71,178,,Nasdaq
11/5/2020,38.09,21783420,37.24,38.27,37.2,179,,Nasdaq
11/6/2020,38.06,13546490,38.01,38.37,37.72,180,,Nasdaq
11/9/2020,37.55,24088380,38.91,39.39,37.5,181,,Nasdaq
11/10/2020,36.31,26784170,37.03,37.32,36.04,182,,Nasdaq
11/11/2020,37.59,15134180,37.09,37.71,36.86,183,,Nasdaq
11/12/2020,37.02,12174650,37.72,37.86,36.83,184,,Nasdaq
11/13/2020,37.35,10996880,37.5,37.73,37.16,185,,Nasdaq
11/16/2020,38.08,12102690,37.48,38.14,37.4,186,,Nasdaq
11/17/2020,38.06,11950920,37.87,38.24,37.7,187,,Nasdaq
11/18/2020,38.06,13518540,37.99,38.49,37.96,188,,Nasdaq
11/19/2020,38.43,14555370,37.77,38.48,37.44,189,,Nasdaq
11/20/2020,38.33,16148360,38.43,38.89,38.27,190,,Nasdaq
11/23/2020,38.7,12216040,38.54,38.92,38.3,191,,Nasdaq
11/24/2020,39.22,13458350,38.86,39.28,38.62,192,,Nasdaq
11/25/2020,39.08,11788490,39.28,39.55,38.9,193,,Nasdaq
11/27/2020,39.5,6846330,39.32,39.92,39.3,194,,Nasdaq
11/30/2020,40.16,15453890,39.4,40.22,39.27,195,,Nasdaq
12/1/2020,40.46,18181540,40.35,40.67,40.01,196,,Nasdaq
12/2/2020,40.37,10033650,40.47,40.54,40.11,197,,Nasdaq
12/3/2020,39.98,16122110,40.45,40.66,39.81,198,,Nasdaq
12/4/2020,41.17,20082710,40.24,41.24,40.24,199,,Nasdaq
12/7/2020,42.09,19707490,41.64,42.28,41.33,200,,Nasdaq
12/8/2020,42.34,18120800,41.93,42.67,41.82,201,,Nasdaq
12/9/2020,41.62,20908460,41.95,42.61,41.37,202,,Nasdaq
12/10/2020,41,26243600,41.14,41.53,40.8,203,,Nasdaq
12/11/2020,40.58,26665100,40.4,40.7,39.83,204,,Nasdaq
12/14/2020,41.18,26116110,40.65,41.43,40.6,205,,Nasdaq
12/15/2020,41.81,21221330,41.53,41.94,41.3,206,,Nasdaq
12/16/2020,42.49,23159540,41.8,42.71,41.7,207,,Nasdaq
12/17/2020,42.61,17151760,42.65,43,42.45,208,,Nasdaq
12/18/2020,43.46,45243320,42.48,43.57,42.2,209,,Nasdaq
12/21/2020,42.89,19096060,42.82,43.2,42.37,210,,Nasdaq
12/22/2020,43.31,17938010,42.89,43.36,42.8,211,,Nasdaq
12/23/2020,42.55,10533660,43.5,43.6,42.51,212,,Nasdaq
12/24/2020,43.15,4122680,42.85,43.2,42.76,213,,Nasdaq
12/28/2020,43.19,10625240,43.43,43.73,43.12,214,,Nasdaq
12/29/2020,42.9,9593400,43.58,43.58,42.68,215,,Nasdaq
12/30/2020,43.48,10554980,43.17,43.8,43.01,216,,Nasdaq
12/31/2020,43.79,10211520,43.63,43.85,43.31,217,,Nasdaq
1/4/2021,42.52,24172250,43.93,44.22,42.12,218,,Nasdaq
1/5/2021,42.81,15069120,42.51,42.94,42.24,219,,Nasdaq
1/6/2021,42.55,17226180,42.33,43.46,42.05,220,,Nasdaq
1/7/2021,44.34,21269600,43.21,44.46,43.06,221,,Nasdaq
1/8/2021,44.56,15273470,44.7,45,43.86,222,,Nasdaq
1/11/2021,44.58,11661680,44.06,44.88,44.04,223,,Nasdaq
1/12/2021,44.94,13849010,44.78,45.48,44.56,224,,Nasdaq
1/13/2021,45.12,13118090,45.03,45.35,44.81,225,,Nasdaq
1/14/2021,45.21,19692430,45.35,45.85,45.13,226,,Nasdaq
1/15/2021,44.59,18167380,44.82,45,44.07,227,,Nasdaq
1/19/2021,45.93,18819350,44.83,45.95,44.83,228,,Nasdaq
1/20/2021,46.19,14711160,45.95,46.58,45.5,229,,Nasdaq
1/21/2021,46.68,15754200,46.21,46.95,46.04,230,,Nasdaq
1/22/2021,46.5,16247580,46.37,46.76,46.24,231,,Nasdaq
1/25/2021,46.48,14693910,46.96,47,45.61,232,,Nasdaq
1/26/2021,46.39,10741740,46.27,46.7,46.19,233,,Nasdaq
1/27/2021,44.47,21857270,45.55,45.7,44.15,234,,Nasdaq
1/28/2021,45.17,16946120,45.55,45.85,44.7,235,,Nasdaq
1/29/2021,45.05,22071080,44.99,45.81,44.76,236,,Nasdaq
2/1/2021,46.67,17028130,45.59,46.93,45.36,237,,Nasdaq
2/2/2021,47.69,16140830,46.98,47.7,46.8,238,,Nasdaq
2/3/2021,46.52,17856990,47.69,47.85,46.46,239,,Nasdaq
2/4/2021,47.06,15242650,46,47.12,45.75,240,,Nasdaq
2/5/2021,46.6,12489350,47.43,47.69,46.54,241,,Nasdaq
2/8/2021,47.27,17611310,46.88,47.34,46.56,242,,Nasdaq
2/9/2021,47.46,12759220,47.2,47.52,46.86,243,,Nasdaq
2/10/2021,47.01,14590420,47.72,47.75,46.55,244,,Nasdaq
2/11/2021,47.84,17123540,47.37,47.94,46.92,245,,Nasdaq
2/12/2021,48.63,13551910,47.84,48.7,47.49,246,,Nasdaq
2/16/2021,48.91,15163380,49.09,49.48,48.7,247,,Nasdaq
2/17/2021,48.25,14085890,48.42,48.61,47.51,248,,Nasdaq
2/18/2021,48.33,16714530,48.02,48.54,47.51,249,,Nasdaq
2/19/2021,49,17994490,48.73,49.51,48.68,250,,Nasdaq
2/22/2021,47.64,16967050,48.4,48.66,47.53,251,,Nasdaq
2/23/2021,47.19,21306080,47.11,47.46,45.61,252,,Nasdaq
2/24/2021,48.09,15125300,46.77,48.14,46.27,253,,Nasdaq
2/25/2021,45.72,23147970,47.48,47.94,45.52,254,,Nasdaq
2/26/2021,46.99,22643470,46.75,47.58,46.07,255,,Nasdaq
3/1/2021,48.96,24682390,47.97,49,47.39,256,,Nasdaq
3/2/2021,48.05,18545740,49.04,49.09,47.96,257,,Nasdaq
3/3/2021,46.31,23991340,47.8,48.14,46.2,258,,Nasdaq
3/4/2021,44.36,34574690,46.17,46.7,44.14,259,,Nasdaq
3/5/2021,45.01,42414000,45.43,45.6,43.3,260,,Nasdaq
3/8/2021,42.13,45243280,44.68,44.8,41.93,261,,Nasdaq
3/9/2021,44.36,37884490,43.57,44.69,43.06,262,,Nasdaq
3/10/2021,43.76,19914280,44.74,45.4,43.51,263,,Nasdaq
3/11/2021,45.37,26169550,44.9,45.75,44.21,264,,Nasdaq
3/12/2021,45.12,18906070,44.54,45.35,44.45,265,,Nasdaq
3/15/2021,47.08,31299370,45.52,47.12,45.32,266,,Nasdaq
3/16/2021,47.82,31190150,47.13,48.4,46.74,267,,Nasdaq
3/17/2021,48.36,23753580,47.03,48.73,47,268,,Nasdaq
3/18/2021,46.42,28743290,47.46,48.34,46.38,269,,Nasdaq
3/19/2021,47.45,108602500,45.71,47.67,45.41,270,,Nasdaq
3/22/2021,47.53,31807050,47.29,48.13,47.17,271,,Nasdaq
3/23/2021,46.41,24711880,47.38,47.54,46.27,272,,Nasdaq
3/24/2021,45.73,20882740,46.95,47,45.69,273,,Nasdaq
3/25/2021,46.17,17538680,45.5,46.4,44.93,274,,Nasdaq
3/26/2021,48.2,28924530,45.66,48.3,45.66,275,,Nasdaq
3/29/2021,47.26,28411040,48.04,48.12,46.83,276,,Nasdaq
3/30/2021,45.62,27935200,46.39,46.4,45.16,277,,Nasdaq
3/31/2021,46.37,28684420,45.9,46.71,45.24,278,,Nasdaq
4/1/2021,47.6,23529510,47.21,47.66,46.92,279,,Nasdaq
4/5/2021,48.85,22965660,48.03,48.96,47.68,280,,Nasdaq
4/6/2021,48.39,18063000,48.31,48.82,47.77,281,,Nasdaq
4/7/2021,48.25,12073830,48,48.39,47.8,282,,Nasdaq
4/8/2021,48.55,18121020,48.8,48.8,48.01,283,,Nasdaq
4/9/2021,48.51,16617460,48,48.53,47.65,284,,Nasdaq
4/12/2021,48.37,23247760,48.19,48.54,47.86,285,,Nasdaq
4/13/2021,48.5,15281100,48.5,48.82,48.03,286,,Nasdaq
4/14/2021,47.73,18223410,48.25,48.92,47.52,287,,Nasdaq
4/15/2021,48,18371110,48.16,48.23,47.68,288,,Nasdaq
4/16/2021,47.88,16263840,48.05,48.18,47.68,289,,Nasdaq
4/19/2021,46.2,26318920,47.65,47.68,46.01,290,,Nasdaq
4/20/2021,45.73,19128400,46,46.2,45.45,291,,Nasdaq
4/21/2021,45.98,25949370,45.52,46.03,45.26,292,,Nasdaq
4/22/2021,45.51,27057740,45.51,46.11,44.9,293,,Nasdaq
4/23/2021,46.61,22891670,45.85,46.79,45.75,294,,Nasdaq
4/26/2021,47.19,18271570,46.7,47.38,46.36,295,,Nasdaq
4/27/2021,46.64,13267210,47.37,47.43,46.51,296,,Nasdaq
4/28/2021,45.92,15939720,46.54,46.6,45.61,297,,Nasdaq
4/29/2021,46.63,14649940,46.97,46.97,45.9,298,,Nasdaq
4/30/2021,45.62,19367640,45.97,46.07,45.38,299,,Nasdaq
5/3/2021,45.01,15097650,45.98,45.98,44.83,300,,Nasdaq
5/4/2021,44.45,23497230,44.72,44.77,43.73,301,,Nasdaq
5/5/2021,44.38,16389810,45.04,45.14,44.24,302,,Nasdaq
5/6/2021,44.86,13496370,44.38,44.91,43.98,303,,Nasdaq
5/7/2021,45.26,11711640,45.46,45.84,44.92,304,,Nasdaq
5/10/2021,43.61,25238500,44.84,44.85,43.58,305,,Nasdaq
5/11/2021,44.01,17889130,42.5,44.18,42.31,306,,Nasdaq
5/12/2021,42.24,29943190,42.93,43.09,41.91,307,,Nasdaq
5/13/2021,43.06,21842210,42.99,43.48,42.56,308,,Nasdaq
5/14/2021,44.16,16966130,43.64,44.51,43.21,309,,Nasdaq
5/17/2021,43.99,15724420,44.21,44.21,43.28,310,,Nasdaq
5/18/2021,43.37,17824480,44.39,44.44,43.33,311,,Nasdaq
5/19/2021,44.17,21369310,42.6,44.25,42.57,312,,Nasdaq
5/20/2021,45.5,21888920,44.58,45.93,44.53,313,,Nasdaq
5/21/2021,45.12,13218150,45.8,45.8,44.93,314,,Nasdaq
5/24/2021,45.92,14422590,45.69,46.24,45.64,315,,Nasdaq
5/25/2021,45.95,9600270,46.19,46.3,45.65,316,,Nasdaq
5/26/2021,46.05,9874090,46.08,46.21,45.55,317,,Nasdaq
5/27/2021,46.77,19098350,46,46.84,45.96,318,,Nasdaq
5/28/2021,47.23,19947620,47,47.46,46.77,319,,Nasdaq
6/1/2021,46.83,16277350,47.54,47.8,46.72,320,,Nasdaq
6/2/2021,47.37,13286400,47.18,47.77,46.95,321,,Nasdaq
6/3/2021,46.48,20388960,46.88,46.98,46.33,322,,Nasdaq
6/4/2021,47.5,23867160,47.05,47.84,46.95,323,,Nasdaq
6/7/2021,46.38,24141600,47.3,47.45,46.25,324,,Nasdaq
6/8/2021,46.35,16615650,46.81,47.24,46.35,325,,Nasdaq
6/9/2021,46.39,12127810,46.72,46.72,46.17,326,,Nasdaq
6/10/2021,46.87,15415040,46.55,46.95,46.02,327,,Nasdaq
6/11/2021,47.07,14508400,46.84,47.21,46.71,328,,Nasdaq
6/14/2021,47.58,14676170,47.05,47.59,46.61,329,,Nasdaq
6/15/2021,47.07,11131220,47.66,47.66,46.86,330,,Nasdaq
6/16/2021,46.58,20438030,47.03,47.11,46.15,331,,Nasdaq
6/17/2021,47.12,20880790,46.49,47.52,46.39,332,,Nasdaq
6/18/2021,46.35,28536890,46.73,46.98,46.05,333,,Nasdaq
6/21/2021,46.46,18591790,46.12,46.54,45.84,334,,Nasdaq
6/22/2021,46.45,13721970,46.66,46.86,46.13,335,,Nasdaq
6/23/2021,46.67,17674120,46.39,46.79,46.3,336,,Nasdaq
6/24/2021,47.01,12502720,46.99,47.37,46.86,337,,Nasdaq
6/25/2021,46.22,19099570,47.14,47.25,46,338,,Nasdaq
6/28/2021,47.28,13986740,46.6,47.63,46.55,339,,Nasdaq
6/29/2021,47.72,14184300,47.24,47.73,47.07,340,,Nasdaq
6/30/2021,47.68,15382680,47.81,47.86,47.25,341,,Nasdaq
7/1/2021,46.96,11153740,47.78,47.78,46.89,342,,Nasdaq
7/2/2021,46.82,37058590,47.68,47.86,45.57,343,,Nasdaq
7/6/2021,47.33,13871360,47.04,47.68,46.83,344,,Nasdaq
7/7/2021,46.95,12581750,47.5,47.54,46.64,345,,Nasdaq
7/8/2021,47.05,16011600,46.44,47.11,46.16,346,,Nasdaq
7/9/2021,48.02,16783440,46.96,48.09,46.8,347,,Nasdaq
7/12/2021,48.58,33141610,48.13,49.4,47.33,348,,Nasdaq
7/13/2021,48.4,11806460,48.53,48.75,48.2,349,,Nasdaq
7/14/2021,48.16,14019870,48.92,49.2,48.07,350,,Nasdaq
7/15/2021,47.73,12624880,48.33,48.45,47.31,351,,Nasdaq
7/16/2021,46.81,13981470,47.91,48.03,46.73,352,,Nasdaq
7/19/2021,46.57,14938780,46.35,46.6,45.76,353,,Nasdaq
7/20/2021,46.86,20727790,46.79,47.23,46.33,354,,Nasdaq
7/21/2021,47.9,13660680,46.96,47.93,46.85,355,,Nasdaq
7/22/2021,47.63,12583960,47.66,47.9,47.45,356,,Nasdaq
7/23/2021,48.32,13489200,48,48.36,47.68,357,,Nasdaq
7/26/2021,48.22,11160870,48.22,48.36,47.97,358,,Nasdaq
7/27/2021,47.54,14715210,48.08,48.18,46.78,359,,Nasdaq
7/28/2021,47.77,8361850,47.67,47.91,47.43,360,,Nasdaq
7/29/2021,48.41,9161720,47.85,48.58,47.74,361,,Nasdaq
7/30/2021,48.54,11548270,48.2,48.63,47.96,362,,Nasdaq
8/2/2021,48.47,15621640,48.91,49.46,48.35,363,,Nasdaq
8/3/2021,48.68,11134830,48.55,48.78,48,364,,Nasdaq
8/4/2021,48.78,12124190,48.85,49,48.4,365,,Nasdaq
8/5/2021,48.77,8372720,49.04,49.04,48.49,366,,Nasdaq
8/6/2021,48.54,9964630,48.51,48.81,48.4,367,,Nasdaq
8/9/2021,48.47,5953900,48.65,48.68,48.1,368,,Nasdaq
8/10/2021,48.23,9320060,48.59,48.65,47.78,369,,Nasdaq
8/11/2021,48.36,9816020,48.48,48.6,47.98,370,,Nasdaq
8/12/2021,48.43,8702010,48.23,48.5,47.67,371,,Nasdaq
8/13/2021,48.62,8582270,48.26,48.9,48.21,372,,Nasdaq
8/16/2021,48.81,9188620,48.48,48.89,48.44,373,,Nasdaq
8/17/2021,47.87,16500870,48.56,48.62,47.45,374,,Nasdaq
8/18/2021,46.9,15616430,47.67,47.71,46.83,375,,Nasdaq
8/19/2021,47.35,14043680,46.64,47.58,46.27,376,,Nasdaq
8/20/2021,47.52,10008070,47.28,47.62,47.04,377,,Nasdaq
8/23/2021,48.25,15707410,47.63,48.62,47.57,378,,Nasdaq
8/24/2021,48.14,9429230,48.24,48.3,48.02,379,,Nasdaq
8/25/2021,48.34,10016930,48.16,48.63,48.16,380,,Nasdaq
8/26/2021,48.57,10837640,48.3,48.81,48.06,381,,Nasdaq
8/27/2021,49.59,16460770,48.8,49.64,48.66,382,,Nasdaq
8/30/2021,49.89,19613640,50,50.79,49.83,383,,Nasdaq
8/31/2021,49.72,17380400,50.13,50.13,49.27,384,,Nasdaq
9/1/2021,49.32,12585890,49.63,49.92,49.29,385,,Nasdaq
9/2/2021,49.19,17122490,49.58,49.6,49.02,386,,Nasdaq
9/3/2021,49.77,25204670,49.59,50.6,49.5,387,,Nasdaq
9/7/2021,49.66,12399440,49.76,49.76,49.1,388,,Nasdaq
9/8/2021,49.44,13986750,49.96,49.99,48.81,389,,Nasdaq
9/9/2021,49.35,13175030,49.29,49.87,49.29,390,,Nasdaq
9/10/2021,49.82,16110290,49.71,50.6,49.65,391,,Nasdaq
9/13/2021,49.9,14929820,50.2,50.25,49.33,392,,Nasdaq
9/14/2021,50.19,14134100,50.2,50.54,49.84,393,,Nasdaq
9/15/2021,50.97,23345780,50.21,51.07,49.94,394,,Nasdaq
9/16/2021,50.74,17569170,50.52,50.92,50.02,395,,Nasdaq
9/17/2021,50.6,34469680,50.4,50.76,50.1,396,,Nasdaq
9/20/2021,49.48,30105470,49.9,50.3,48.84,397,,Nasdaq
9/21/2021,49.1,16936220,49.35,49.38,48.7,398,,Nasdaq
9/22/2021,50.06,20610430,49.43,50.3,49.22,399,,Nasdaq
9/23/2021,50.43,18370270,50.25,50.73,50.06,400,,Nasdaq
9/24/2021,50.49,10607930,50.23,50.55,50.08,401,,Nasdaq
9/27/2021,50.49,9830990,49.98,50.58,49.74,402,,Nasdaq
9/28/2021,49.1,20124090,49.7,50.15,49.05,403,,Nasdaq
9/29/2021,48.95,15783670,49.36,49.43,48.77,404,,Nasdaq
9/30/2021,48.49,15735390,49.45,49.45,48.45,405,,Nasdaq
10/1/2021,48.74,16051750,48.79,48.87,47.75,406,,Nasdaq
10/4/2021,47.6,20092840,48.49,48.66,47.28,407,,Nasdaq
10/5/2021,48.54,16557980,47.59,48.98,47.53,408,,Nasdaq
10/6/2021,48.88,12041690,48.31,48.94,47.97,409,,Nasdaq
10/7/2021,49.39,13260880,49.26,49.99,49.26,410,,Nasdaq
10/8/2021,49.29,10279840,49.68,49.8,49.13,411,,Nasdaq
10/11/2021,49.23,11188040,49.12,49.96,49.09,412,,Nasdaq
10/12/2021,48.53,20990540,49.58,49.67,48.2,413,,Nasdaq
10/13/2021,48.5,16425330,48.12,48.54,47.96,414,,Nasdaq
10/14/2021,49.76,19232970,49.19,49.92,49.08,415,,Nasdaq
10/15/2021,50.33,25104610,50.44,50.59,50.11,416,,Nasdaq
10/18/2021,50.34,16042420,50.04,50.4,49.87,417,,Nasdaq
10/19/2021,51.04,16383060,50.43,51.09,50.18,418,,Nasdaq
10/20/2021,50.94,13458450,51.1,51.34,50.84,419,,Nasdaq
10/21/2021,51.42,11786790,50.94,51.48,50.86,420,,Nasdaq
10/22/2021,51.54,15367390,51.47,52.14,51.3,421,,Nasdaq
10/25/2021,52.21,12415540,51.75,52.45,51.52,422,,Nasdaq
10/26/2021,53.39,24043040,52.52,53.5,52.4,423,,Nasdaq
10/27/2021,52.31,23500340,53.18,53.61,52.19,424,,Nasdaq
10/28/2021,52.96,11875230,52.41,53,52.34,425,,Nasdaq
10/29/2021,53.17,15564290,52.35,53.22,52.35,426,,Nasdaq
11/1/2021,52.81,16895980,53.03,53.26,52.49,427,,Nasdaq
11/2/2021,53.71,16263000,52.74,54.08,52.67,428,,Nasdaq
11/3/2021,54.24,14037840,53.91,54.38,53.38,429,,Nasdaq
11/4/2021,54.86,15958040,54.38,54.91,54.09,430,,Nasdaq
11/5/2021,55.89,18673510,55,55.97,54.98,431,,Nasdaq
11/8/2021,55.9,17233650,56.2,56.39,55.81,432,,Nasdaq
11/9/2021,55.78,15838430,55.92,56.19,55.51,433,,Nasdaq
11/10/2021,54.88,18448240,55.43,56.09,54.81,434,,Nasdaq
11/11/2021,55.54,14157010,55.27,55.71,54.88,435,,Nasdaq
11/12/2021,56.32,13592220,55.84,56.58,55.46,436,,Nasdaq
11/15/2021,56.58,13972390,56.77,56.77,55.98,437,,Nasdaq
11/16/2021,56.88,13194040,56.41,56.95,56.27,438,,Nasdaq
11/17/2021,56.96,12532940,56.81,57.14,56.41,439,,Nasdaq
11/18/2021,57.48,12713330,57.11,57.67,56.96,440,,Nasdaq
11/19/2021,56.87,19630320,57.63,57.72,56.59,441,,Nasdaq
11/22/2021,55.33,25900560,57.17,57.2,55.25,442,,Nasdaq
11/23/2021,55.51,17109890,55.24,55.59,54.85,443,,Nasdaq
11/24/2021,55.87,12087250,55.32,55.91,54.74,444,,Nasdaq
11/26/2021,54.66,14219030,55.18,55.73,54.33,445,,Nasdaq
11/29/2021,56.43,18703450,55.62,56.76,55.37,446,,Nasdaq
11/30/2021,55.37,22577490,56.33,56.5,55.2,447,,Nasdaq
12/1/2021,55.48,21982880,56.35,56.85,55.33,448,,Nasdaq
12/2/2021,55.25,22618720,54.61,55.91,54.4,449,,Nasdaq
12/3/2021,55.81,20307390,56.49,56.9,55.04,450,,Nasdaq
12/6/2021,56.5,22482290,56.46,56.84,55.6,451,,Nasdaq
12/7/2021,59.04,29562070,57.2,59.31,57.2,452,,Nasdaq
12/8/2021,58.86,17997650,59.09,59.09,58.24,453,,Nasdaq
12/9/2021,58.34,29079600,58.25,59.02,58.25,454,,Nasdaq
12/10/2021,63.17,57086650,62.4,64.48,61.86,455,,Nasdaq
12/13/2021,62.17,26898300,63.4,63.44,62.12,456,,Nasdaq
12/14/2021,61.49,35956350,61.78,61.86,60.56,457,,Nasdaq
12/15/2021,63.99,29091680,61.56,64.09,61.03,458,,Nasdaq
12/16/2021,62.07,42748420,63.74,64.07,61.15,459,,Nasdaq
12/17/2021,63.5,50753100,61.75,64,61.51,460,,Nasdaq
12/20/2021,64.5,32770470,62.63,64.61,62.51,461,,Nasdaq
12/21/2021,64.62,36533890,64.81,64.95,63.33,462,,Nasdaq
12/22/2021,65.52,28382930,64.33,65.72,63.93,463,,Nasdaq
12/23/2021,66.48,23596250,65.61,67.07,65.61,464,,Nasdaq
12/27/2021,67.43,19445030,66.48,67.63,66.45,465,,Nasdaq
12/28/2021,66.9,17250410,67.76,67.78,66.7,466,,Nasdaq
12/29/2021,67.26,14799570,66.98,67.7,66.91,467,,Nasdaq
12/30/2021,66.51,11473140,67.31,67.57,66.38,468,,Nasdaq
12/31/2021,66.54,12046140,66.7,67.13,66.33,469,,Nasdaq
1/3/2022,66.33,22599500,66.63,67.17,66.12,470,,Nasdaq
1/4/2022,67.09,21102770,66.29,67.22,65.72,471,,Nasdaq
1/5/2022,64.3,34961110,67.12,67.12,64.2,472,,Nasdaq
1/6/2022,63.7,28581300,64.02,64.87,63.44,473,,Nasdaq
1/7/2022,61.92,27831730,63.59,63.99,61.85,474,,Nasdaq
1/10/2022,62.12,29793380,60.89,62.2,60.36,475,,Nasdaq
1/11/2022,62.21,19036530,61.55,62.8,61.46,476,,Nasdaq
1/12/2022,62.2,18806390,62.75,63.1,61.97,477,,Nasdaq
1/13/2022,59.72,30047920,62.75,62.79,59.42,478,,Nasdaq
1/14/2022,59.64,25662830,59.58,60.04,59.2,479,,Nasdaq
1/18/2022,57.78,35837060,58.83,59.1,57.6,480,,Nasdaq
1/19/2022,56.4,22691720,58.16,58.47,56.33,481,,Nasdaq
1/20/2022,54.77,25224780,56.8,57.01,54.68,482,,Nasdaq
1/21/2022,53.32,38010470,54.66,55.54,53.13,483,,Nasdaq
1/24/2022,54.16,54267240,53.09,54.35,51.34,484,,Nasdaq
1/25/2022,53.41,38158240,52.8,54.54,52.42,485,,Nasdaq
1/26/2022,55.71,49714870,55.2,57.42,55.01,486,,Nasdaq
1/27/2022,54.23,34209550,56.97,57.03,54.1,487,,Nasdaq
1/28/2022,56.01,30253630,54.34,56.05,53.24,488,,Nasdaq
1/31/2022,58.59,40288460,55.94,58.64,55.6,489,,Nasdaq
2/1/2022,59.27,25719480,58.59,59.39,57.58,490,,Nasdaq
2/2/2022,60.34,24443380,59.9,60.48,59.36,491,,Nasdaq
2/3/2022,58.09,30601760,59.57,59.9,58.01,492,,Nasdaq
2/4/2022,59.02,20548440,57.64,59.65,57.61,493,,Nasdaq
2/7/2022,58.76,18673020,59.02,60.16,58.42,494,,Nasdaq
2/8/2022,60.02,14571740,58.84,60.19,58.7,495,,Nasdaq
2/9/2022,61.13,22003610,60.74,61.17,60.16,496,,Nasdaq
2/10/2022,59.14,24919540,59.53,61.46,58.86,497,,Nasdaq
2/11/2022,57.34,27280640,59.14,59.98,56.91,498,,Nasdaq
2/14/2022,57.86,19290910,57.5,58.28,57.01,499,,Nasdaq
2/15/2022,60.28,34284370,58.9,60.6,58.83,500,,Nasdaq
2/16/2022,59.72,22931430,59.41,60.08,58.72,501,,Nasdaq
2/17/2022,57.9,21424340,58.97,59.16,57.89,502,,Nasdaq
2/18/2022,58,19707720,58.09,58.77,57.33,503,,Nasdaq
2/22/2022,57.75,20204210,58,59.02,56.98,504,,Nasdaq
2/23/2022,56.52,22416460,58.02,58.51,56.47,505,,Nasdaq
2/24/2022,58,35316190,55.16,58.57,54.9,506,,Nasdaq
2/25/2022,58.8,22380030,57.98,58.94,57.4,507,,Nasdaq
2/28/2022,58.74,25004870,58.1,59.23,57.64,508,,Nasdaq
3/1/2022,57.01,24898100,58.48,58.76,56.53,509,,Nasdaq
3/2/2022,58.58,21771310,57.45,59.05,57.36,510,,Nasdaq
3/3/2022,57.86,26453970,59.37,59.37,57.43,511,,Nasdaq
3/4/2022,59.6,44761930,59.28,60.59,58.4,512,,Nasdaq
3/7/2022,57.07,26493630,59.71,59.88,57,513,,Nasdaq
3/8/2022,57.6,26992610,57.22,59.61,56.36,514,,Nasdaq
3/9/2022,59.7,22560490,58.88,60.16,58.7,515,,Nasdaq
3/10/2022,58.77,19323640,58.56,59,57.64,516,,Nasdaq
3/11/2022,57.79,19815340,59.2,59.44,57.71,517,,Nasdaq
3/14/2022,56.78,25233900,57.7,58,56.48,518,,Nasdaq
3/15/2022,59.28,28259880,57.73,59.68,57.5,519,,Nasdaq
3/16/2022,60.71,29453720,59.67,60.77,58.41,520,,Nasdaq
3/17/2022,60.27,18174020,60.47,60.7,59.76,521,,Nasdaq
3/18/2022,61.04,41537880,60.4,61.32,59.6,522,,Nasdaq
3/21/2022,60.13,25789300,60.56,60.56,58.89,523,,Nasdaq
3/22/2022,61.13,19261800,60.17,61.35,59.93,524,,Nasdaq
3/23/2022,59.94,13838860,60.8,61.14,59.92,525,,Nasdaq
3/24/2022,62.64,26015800,60.66,62.72,60.2,526,,Nasdaq
3/25/2022,62.89,14540870,62.71,63.04,62.01,527,,Nasdaq
3/28/2022,63.29,14428610,62.59,63.33,61.58,528,,Nasdaq
3/29/2022,64.15,23001380,64,64.53,63,529,,Nasdaq
3/30/2022,63.11,18626200,63.89,64.43,62.73,530,,Nasdaq
3/31/2022,62.97,21730510,63.05,63.9,62.81,531,,Nasdaq
4/1/2022,62.7,16266850,63.17,63.46,61.87,532,,Nasdaq
4/4/2022,63.49,16485730,62.64,63.67,62.45,533,,Nasdaq
4/5/2022,61.41,19777820,62.96,63.23,61.3,534,,Nasdaq
4/6/2022,60.2,23742370,60.21,61.16,59.38,535,,Nasdaq
4/7/2022,60.31,16583330,59.98,60.76,59.32,536,,Nasdaq
4/8/2022,58.7,20463970,59.74,59.86,58.6,537,,Nasdaq
4/11/2022,58.06,23512400,58.26,58.93,57.94,538,,Nasdaq
4/12/2022,58.51,17349930,58.91,59.86,58.22,539,,Nasdaq
4/13/2022,59.25,20267600,58.85,59.67,58.61,540,,Nasdaq
4/14/2022,57.39,27384710,59.5,59.71,57.29,541,,Nasdaq
4/18/2022,58.65,21374530,57.29,59.12,57.29,542,,Nasdaq
4/19/2022,59.76,16582420,57.94,59.87,57.94,543,,Nasdaq
4/20/2022,59.77,13919900,60.42,61.34,59.51,544,,Nasdaq
4/21/2022,59.27,20352110,60.55,61.59,59.07,545,,Nasdaq
4/22/2022,58.7,21065190,59.01,59.87,58.63,546,,Nasdaq
4/25/2022,58.79,26959070,58.15,58.88,57.11,547,,Nasdaq
4/26/2022,56.01,35808910,58.38,58.55,55.97,548,,Nasdaq
4/27/2022,55.95,19313240,55.58,57.01,55.5,549,,Nasdaq
4/28/2022,57.89,22334000,56.59,58.5,55.8,550,,Nasdaq
4/29/2022,55.44,26110060,57.26,57.83,55.34,551,,Nasdaq
5/2/2022,57.64,26724710,55.71,57.76,55.64,552,,Nasdaq
5/3/2022,58.12,17064490,57.6,58.68,57.18,553,,Nasdaq
5/4/2022,60.37,23895850,58.18,60.41,57.4,554,,Nasdaq
5/5/2022,58,32806490,59.42,59.79,57.43,555,,Nasdaq
5/6/2022,58.01,20747000,57.49,59,56.94,556,,Nasdaq
5/9/2022,56.29,30073880,57.29,57.8,56.03,557,,Nasdaq
5/10/2022,58.14,29273110,58.05,59.12,57.18,558,,Nasdaq
5/11/2022,56.71,26659510,57.46,58.47,56.59,559,,Nasdaq
5/12/2022,57.16,25517750,56.34,57.36,55.83,560,,Nasdaq
5/13/2022,58.82,19450850,57.71,59.16,57.35,561,,Nasdaq
5/16/2022,58.27,14190840,58.44,58.91,57.77,562,,Nasdaq
5/17/2022,60.82,24676040,59.55,60.9,59.36,563,,Nasdaq
5/18/2022,57.06,35024330,60,60.07,56.62,564,,Nasdaq
5/19/2022,54.62,34884210,55.8,56.08,53.9,565,,Nasdaq
5/20/2022,54.32,40281030,55.39,55.5,51.24,566,,Nasdaq
5/23/2022,52.64,58585800,52.4,53.56,51.43,567,,Nasdaq
5/24/2022,52.42,25060190,52.67,52.89,51.62,568,,Nasdaq
5/25/2022,53.16,17842250,52.39,53.75,52.39,569,,Nasdaq
5/26/2022,55.07,39742830,53.15,55.46,52.77,570,,Nasdaq
5/27/2022,58.33,37301140,56.21,58.55,56,571,,Nasdaq
5/31/2022,58.01,30009400,58.45,58.7,57.6,572,,Nasdaq
6/1/2022,57.36,18344810,58.76,59.09,56.84,573,,Nasdaq
6/2/2022,57.67,29489390,57.78,57.78,56.81,574,,Nasdaq
6/3/2022,56.33,20561710,56.89,56.96,56.1,575,,Nasdaq
6/6/2022,56.12,14556780,57.15,57.27,55.75,576,,Nasdaq
6/7/2022,57.3,15894910,56.05,57.45,55.75,577,,Nasdaq
6/8/2022,56.54,24005040,57.18,57.63,56.21,578,,Nasdaq
6/9/2022,55.62,18787400,56.12,57.36,55.59,579,,Nasdaq
6/10/2022,54.13,24024360,55.01,55.1,53.97,580,,Nasdaq
6/13/2022,51.76,31619050,52.68,53.3,51.6,581,,Nasdaq
6/14/2022,52.02,24381730,52.5,52.5,51.46,582,,Nasdaq
6/15/2022,52.67,19140540,52.92,53.38,51.55,583,,Nasdaq
6/16/2022,49.72,37244420,51.2,51.44,49.23,584,,Nasdaq
6/17/2022,49.87,43503960,49.5,50.04,48.79,585,,Nasdaq
6/21/2022,50.38,21900650,50.41,51.09,50.29,586,,Nasdaq
6/22/2022,49.61,24721170,49.63,50.38,49.42,587,,Nasdaq
6/23/2022,49.66,16707760,50.18,50.18,49.1,588,,Nasdaq
6/24/2022,50.91,21201400,50.5,51.18,50.14,589,,Nasdaq
6/27/2022,50.57,13207180,51.38,51.4,50.28,590,,Nasdaq
6/28/2022,49.85,15669040,51.26,51.42,49.81,591,,Nasdaq
6/29/2022,49.04,14443970,49.55,49.59,48.67,592,,Nasdaq
6/30/2022,48.58,18889970,48.8,49.37,48.07,593,,Nasdaq
7/1/2022,47.78,21316930,47.94,48.43,46.94,594,,Nasdaq
7/5/2022,47.63,20716000,47.2,47.69,46.39,595,,Nasdaq
7/6/2022,48.26,22975990,48.05,48.71,47.55,596,,Nasdaq
7/7/2022,49.85,21318870,48.81,50.14,48.81,597,,Nasdaq
7/8/2022,49.87,12713380,49.3,49.96,49,598,,Nasdaq
7/11/2022,48.29,21481410,48.95,49.16,48.1,599,,Nasdaq
7/12/2022,48.14,21160950,48.78,49.26,48.01,600,,Nasdaq
7/13/2022,48.17,17667460,47.5,48.56,47.23,601,,Nasdaq
7/14/2022,48.46,19956820,48.25,48.67,47.34,602,,Nasdaq
7/15/2022,49.45,18713750,49.08,49.47,48.61,603,,Nasdaq
7/18/2022,49.11,18042340,50.02,50.24,48.82,604,,Nasdaq
7/19/2022,50.9,27257070,49.68,51.14,49.59,605,,Nasdaq
7/20/2022,51.18,27411730,50.95,51.76,50.45,606,,Nasdaq
7/21/2022,51.77,13911500,51.26,51.78,50.6,607,,Nasdaq
7/22/2022,51.25,17866840,51.88,51.98,50.67,608,,Nasdaq
7/25/2022,51.31,15060530,51.05,51.33,50.65,609,,Nasdaq
7/26/2022,51.11,17957820,51.46,51.68,50.89,610,,Nasdaq
7/27/2022,52.78,25528440,51.82,53.02,51.69,611,,Nasdaq
7/28/2022,53.36,14867450,52.86,53.65,52.06,612,,Nasdaq
7/29/2022,53.55,18482870,53.2,53.78,53.03,613,,Nasdaq
8/1/2022,53.64,11485390,53.14,53.98,53.04,614,,Nasdaq
8/2/2022,53.12,13072310,53.32,53.92,52.72,615,,Nasdaq
8/3/2022,54.67,19228160,53.53,54.8,53.41,616,,Nasdaq
8/4/2022,55.28,16292510,54.84,55.32,54.5,617,,Nasdaq
8/5/2022,55.14,14357440,54.49,55.2,54.33,618,,Nasdaq
8/8/2022,54.55,13728210,54.94,55.3,53.87,619,,Nasdaq
8/9/2022,53.28,20074170,53.91,53.94,52.78,620,,Nasdaq
8/10/2022,55.04,19518720,54.61,55.1,53.92,621,,Nasdaq
8/11/2022,54.54,14270350,55.4,55.78,54.43,622,,Nasdaq
8/12/2022,55.82,18400200,54.78,55.84,54.57,623,,Nasdaq
8/15/2022,55.9,14329650,55.42,55.98,55.05,624,,Nasdaq
8/16/2022,55.17,14783840,55.75,55.79,54.6,625,,Nasdaq
8/17/2022,53.86,19022210,54.44,54.47,53.1,626,,Nasdaq
8/18/2022,55.85,23459590,54.34,56.06,54.16,627,,Nasdaq
8/19/2022,54.84,16924550,55.09,55.56,54.79,628,,Nasdaq
8/22/2022,52.88,18555840,54.26,54.31,52.71,629,,Nasdaq
8/23/2022,52.98,9003170,53.39,53.76,52.89,630,,Nasdaq
8/24/2022,53.08,11884960,52.96,53.13,52.34,631,,Nasdaq
8/25/2022,55.01,17345230,53.35,55.05,53.23,632,,Nasdaq
8/26/2022,52.09,25682560,54.88,55.1,52,633,,Nasdaq
8/29/2022,51.42,16580150,52,52.27,51.2,634,,Nasdaq
8/30/2022,50.64,18281670,51.68,51.79,50.14,635,,Nasdaq
8/31/2022,49.91,32444690,51.02,51.02,49.65,636,,Nasdaq
9/1/2022,49.2,31930460,49.15,49.33,48.08,637,,Nasdaq
9/2/2022,50.02,40425870,51.8,51.98,49.83,638,,Nasdaq
9/6/2022,49.82,24738550,49.85,50.4,49.04,639,,Nasdaq
9/7/2022,50.51,20440270,50.29,50.94,49.91,640,,Nasdaq
9/8/2022,51.19,22534770,50.26,51.27,49.87,641,,Nasdaq
9/9/2022,52.24,23018880,51.54,52.6,51.54,642,,Nasdaq
9/12/2022,52.91,18158000,52.68,53.13,52.46,643,,Nasdaq
9/13/2022,50.37,35136030,51.38,51.83,50.17,644,,Nasdaq
9/14/2022,51.08,20604500,50.71,51.3,50.28,645,,Nasdaq
9/15/2022,50.01,36573610,50.89,51.16,49.73,646,,Nasdaq
9/16/2022,50.25,59012140,49.77,50.37,48.99,647,,Nasdaq
9/19/2022,50.18,17948260,49.44,50.34,49.44,648,,Nasdaq
9/20/2022,49.31,17131640,49.6,49.88,48.97,649,,Nasdaq
9/21/2022,48.21,20669130,49.1,49.99,48.18,650,,Nasdaq
9/22/2022,47.76,23539990,48.24,48.32,47.3,651,,Nasdaq
9/23/2022,46.87,29649070,47.5,47.8,46.2,652,,Nasdaq
9/26/2022,46.23,19360950,46.9,47.33,46.13,653,,Nasdaq
9/27/2022,46.48,17851610,46.96,46.99,45.65,654,,Nasdaq
9/28/2022,46.6,27605440,46.13,46.88,45.64,655,,Nasdaq
9/29/2022,45.01,39996620,46.09,46.14,44.49,656,,Nasdaq
9/30/2022,44.4,27202200,44.91,45.78,44.36,657,,Nasdaq
10/3/2022,45.68,21478930,44.92,46.1,44.7,658,,Nasdaq
10/4/2022,47.99,27276960,46.85,48.02,46.59,659,,Nasdaq
10/5/2022,48.48,18493240,47.26,48.81,47.15,660,,Nasdaq
10/6/2022,47.95,17250000,48.38,48.97,47.87,661,,Nasdaq
10/7/2022,46.05,28425460,47.24,47.33,45.9,662,,Nasdaq
10/10/2022,43.77,33454120,46,46.01,43.18,663,,Nasdaq
10/11/2022,43.08,28046330,43.52,43.87,42.56,664,,Nasdaq
10/12/2022,43.06,15046250,43.23,43.57,42.8,665,,Nasdaq
10/13/2022,43.8,27984380,41.74,44.38,41.51,666,,Nasdaq
10/14/2022,42.71,22816710,44.33,44.4,42.64,667,,Nasdaq
10/17/2022,43.54,24120090,43.96,44.12,43.34,668,,Nasdaq
10/18/2022,43.48,20340870,44.82,44.86,43.02,669,,Nasdaq
10/19/2022,43.53,12702350,43.32,43.83,43.09,670,,Nasdaq
10/20/2022,43.03,23403190,43.51,44.22,42.81,671,,Nasdaq
10/21/2022,44.97,26979680,43.21,45.07,42.92,672,,Nasdaq
10/24/2022,45.65,25287010,45.27,45.88,45.11,673,,Nasdaq
10/25/2022,46.01,18246090,45.8,46.43,45.68,674,,Nasdaq
10/26/2022,46.12,29315190,45.8,47.18,45.53,675,,Nasdaq
10/27/2022,45.54,18511860,46.61,47.08,45.49,676,,Nasdaq
10/28/2022,47.29,23096080,45.7,47.43,45.56,677,,Nasdaq
10/31/2022,47.01,19258610,46.69,47.28,46.5,678,,Nasdaq
11/1/2022,46.79,16324380,47.58,47.68,46.32,679,,Nasdaq
11/2/2022,45.6,21091310,47.03,48.05,45.57,680,,Nasdaq
11/3/2022,44.41,23887270,45.09,45.29,44.14,681,,Nasdaq
11/4/2022,46.53,28890540,45.69,46.89,45.33,682,,Nasdaq
11/7/2022,47.52,17687450,46.68,47.77,46.16,683,,Nasdaq
11/8/2022,48.21,20743210,48.12,48.88,47.35,684,,Nasdaq
11/9/2022,46.95,23695090,47.85,47.9,46.9,685,,Nasdaq
11/10/2022,50.66,33970280,49.1,50.72,48.72,686,,Nasdaq
11/11/2022,51.81,26728320,50.48,51.9,50.2,687,,Nasdaq
11/14/2022,51.32,21601820,51.54,52.5,51.3,688,,Nasdaq
11/15/2022,52.44,23315390,53,53.26,51.59,689,,Nasdaq
11/16/2022,51.17,25405040,51.67,51.85,51.03,690,,Nasdaq
11/17/2022,51.21,20385030,50.5,51.27,50.31,691,,Nasdaq
11/18/2022,51.52,14538710,51.69,51.77,51.1,692,,Nasdaq
11/21/2022,51.74,18621620,51.29,52.09,51.11,693,,Nasdaq
11/22/2022,53.01,18919680,52.3,53.03,51.9,694,,Nasdaq
11/23/2022,53.36,13967170,53.04,54.15,52.88,695,,Nasdaq
11/25/2022,52.99,7455390,53.07,53.46,52.95,696,,Nasdaq
11/28/2022,52.22,23510640,52.52,52.88,51.62,697,,Nasdaq
11/29/2022,52.14,12695850,52.3,52.59,51.48,698,,Nasdaq
11/30/2022,55.1,47349390,52.41,55.17,51.78,699,,Nasdaq
12/1/2022,55.08,23006450,55.1,55.24,54.2,700,,Nasdaq
12/2/2022,54.08,19319530,53.71,54.27,53.61,701,,Nasdaq
12/5/2022,53.06,18549830,53.78,53.95,52.55,702,,Nasdaq
12/6/2022,52.58,19655130,53.07,53.36,52.18,703,,Nasdaq
12/7/2022,51.85,16523850,51.96,52.5,51.61,704,,Nasdaq
12/8/2022,53.11,27514310,52.08,53.24,52.04,705,,Nasdaq
12/9/2022,54.47,37028300,55.09,55.26,54.1,706,,Nasdaq
12/12/2022,55.66,23418420,54.48,55.69,54.22,707,,Nasdaq
12/13/2022,57.1,40416290,57.58,58.18,56.5,708,,Nasdaq
12/14/2022,57.44,35218310,56.86,58.57,56.77,709,,Nasdaq
12/15/2022,55.8,36903330,56.38,56.65,55.77,710,,Nasdaq
12/16/2022,55.59,49548980,55.75,55.98,55.09,711,,Nasdaq
12/19/2022,54.96,25093180,55.4,55.65,54.57,712,,Nasdaq
12/20/2022,54.4,29830550,54.52,54.9,54.09,713,,Nasdaq
12/21/2022,56.12,25619120,54.77,56.19,54.7,714,,Nasdaq
12/22/2022,55.31,27554130,55.34,55.49,54.72,715,,Nasdaq
12/23/2022,55.24,13761020,55,55.36,54.75,716,,Nasdaq
12/27/2022,55.35,16677040,55.16,55.81,54.69,717,,Nasdaq
12/28/2022,54.49,15411560,55.16,55.78,54.25,718,,Nasdaq
12/29/2022,55.78,18176060,55.19,56.26,55.05,719,,Nasdaq
12/30/2022,55.91,14377250,55.18,55.97,54.8,720,,Nasdaq
1/3/2023,55.35,20173140,56.5,56.76,55.08,721,,Nasdaq
1/4/2023,56.02,17073590,56.3,56.82,55.6,722,,Nasdaq
1/5/2023,55.5,16278850,55.57,55.98,55.11,723,,Nasdaq
1/6/2023,58.84,35261010,56.31,59.1,56.23,724,,Nasdaq
1/9/2023,57.69,37738740,59.23,60.17,56.06,725,,Nasdaq
1/10/2023,57.49,44635320,57.2,57.51,55,726,,Nasdaq
1/11/2023,57.81,22502470,57.3,57.83,56.69,727,,Nasdaq
1/12/2023,58.19,19513950,57.56,58.51,57.38,728,,Nasdaq
1/13/2023,57.9,19647480,57.72,58.19,57.67,729,,Nasdaq
1/17/2023,57.92,15835060,57.49,58.54,57.45,730,,Nasdaq
1/18/2023,57.43,15703660,58.32,58.76,57.37,731,,Nasdaq
1/19/2023,56.32,22693820,56.91,57.01,56.03,732,,Nasdaq
1/20/2023,57.08,22950200,56.3,57.14,55.91,733,,Nasdaq
1/23/2023,58.16,23428820,57.2,58.48,56.98,734,,Nasdaq
1/24/2023,58.5,13824660,57.84,58.67,57.56,735,,Nasdaq
1/25/2023,58.57,13765940,57.77,58.7,57.6,736,,Nasdaq
1/26/2023,59.86,24524570,59.04,60.06,58.63,737,,Nasdaq
1/27/2023,59.1,19344640,59.33,59.93,59.02,738,,Nasdaq
1/30/2023,58.15,16984060,58.3,58.96,57.98,739,,Nasdaq
1/31/2023,58.5,23719070,58.21,58.72,58.07,740,,Nasdaq
2/1/2023,60.28,26552700,58.36,60.83,58.27,741,,Nasdaq
2/2/2023,60.58,24187660,60.76,61.31,59.98,742,,Nasdaq
2/3/2023,59.76,19094190,59.8,60.8,59.63,743,,Nasdaq
2/6/2023,60.13,18709330,59.33,60.32,59.23,744,,Nasdaq
2/7/2023,61.45,24024870,60.07,61.7,59.97,745,,Nasdaq
2/8/2023,60.17,15290120,60.67,61.02,60.06,746,,Nasdaq
2/9/2023,59.94,18836570,61.26,61.49,59.55,747,,Nasdaq
2/10/2023,59.33,21034560,59.63,59.85,58.96,748,,Nasdaq
2/13/2023,60.11,19847420,59.5,60.15,59.35,749,,Nasdaq
2/14/2023,60.23,17571190,59.42,60.56,59.33,750,,Nasdaq
2/15/2023,60.77,12688950,59.89,60.83,59.67,751,,Nasdaq
2/16/2023,60.05,17448710,60.08,60.89,59.96,752,,Nasdaq
2/17/2023,59.56,14215600,60,60.09,59.25,753,,Nasdaq
2/21/2023,58.15,22738740,59,59.31,57.98,754,,Nasdaq
2/22/2023,57.62,23475250,58.23,58.31,57.21,755,,Nasdaq
2/23/2023,58.38,18939300,58.58,58.59,57.37,756,,Nasdaq
2/24/2023,57.78,15353260,57.75,58.02,57.36,757,,Nasdaq
2/27/2023,58.55,18322790,58.59,58.98,58.43,758,,Nasdaq
2/28/2023,59.43,27821940,58.56,59.86,58.22,759,,Nasdaq
3/1/2023,59.36,15483540,59.4,59.82,59.03,760,,Nasdaq
3/2/2023,59.87,27662540,58.94,60.09,58.61,761,,Nasdaq
3/3/2023,63.28,46087820,61.77,63.57,61.58,762,,Nasdaq
3/6/2023,63.29,24982590,63.5,64.41,63.17,763,,Nasdaq
3/7/2023,62.52,19335500,63.49,63.58,62.35,764,,Nasdaq
3/8/2023,63.23,20913120,62.78,63.27,62.37,765,,Nasdaq
3/9/2023,62.25,21778320,63.01,64.24,62.19,766,,Nasdaq
3/10/2023,61.48,26099180,62.82,63.02,61.28,767,,Nasdaq
3/13/2023,61.65,22364020,60.71,62.44,60.69,768,,Nasdaq
3/14/2023,63.25,25893330,62.34,63.34,61.85,769,,Nasdaq
3/15/2023,62.6,22962990,62.77,63.01,61.62,770,,Nasdaq
3/16/2023,63.65,31721520,62.19,63.71,61.78,771,,Nasdaq
3/17/2023,63.1,79302800,63.65,63.96,62.71,772,,Nasdaq
3/20/2023,64.37,25857300,63.27,64.47,63.16,773,,Nasdaq
3/21/2023,63.68,25000110,64.31,64.66,63.43,774,,Nasdaq
3/22/2023,63.09,25798870,63.69,64.85,63.07,775,,Nasdaq
3/23/2023,63.92,27164460,63.89,64.82,63.15,776,,Nasdaq
3/24/2023,63.62,17229160,63.8,63.93,62.86,777,,Nasdaq
3/27/2023,62.68,14708840,63.9,63.91,62.6,778,,Nasdaq
3/28/2023,62.47,12439110,62.52,62.65,61.89,779,,Nasdaq
3/29/2023,62.55,26395320,63.28,63.4,62.46,780,,Nasdaq
3/30/2023,63.38,21522940,63.27,63.61,62.93,781,,Nasdaq
3/31/2023,64.15,22097280,63.05,64.22,62.59,782,,Nasdaq
4/3/2023,64.25,15682460,63.9,64.39,63.64,783,,Nasdaq
4/4/2023,63.44,13429990,64.32,64.42,63.2,784,,Nasdaq
4/5/2023,62.9,16908750,63.11,63.17,62.57,785,,Nasdaq
4/6/2023,62.26,14493170,62.42,62.84,61.9,786,,Nasdaq
4/10/2023,62.74,15401740,61.81,62.79,61.65,787,,Nasdaq
4/11/2023,62.16,16517620,63.08,63.09,62.08,788,,Nasdaq
4/12/2023,61.67,14112000,62.73,62.75,61.63,789,,Nasdaq
4/13/2023,62.42,17264970,61.91,62.65,61.71,790,,Nasdaq
4/14/2023,61.95,17465940,62.05,62.8,61.52,791,,Nasdaq
4/17/2023,62.74,13201120,61.86,62.83,61.78,792,,Nasdaq
4/18/2023,63.23,16807300,63.16,63.55,62.71,793,,Nasdaq
4/19/2023,63.45,19061660,62.68,63.68,62.56,794,,Nasdaq
4/20/2023,63.3,20239270,62.79,64.27,62.71,795,,Nasdaq
4/21/2023,63.29,14807150,63.06,63.38,62.2,796,,Nasdaq
4/24/2023,63.45,12337710,63.36,63.89,63.18,797,,Nasdaq
4/25/2023,62.2,23669800,63.4,63.6,62.17,798,,Nasdaq
4/26/2023,61.62,17178910,62,62.31,61.35,799,,Nasdaq
4/27/2023,61.84,18249880,61.62,62.01,60.32,800,,Nasdaq
4/28/2023,62.65,16183050,61.91,62.68,61.46,801,,Nasdaq
5/1/2023,63.8,17029890,62.65,63.9,62.62,802,,Nasdaq
5/2/2023,61.23,28357480,62.58,62.65,60.5,803,,Nasdaq
5/3/2023,61.32,19815580,61.69,62.2,61.24,804,,Nasdaq
5/4/2023,61.02,17684380,61,61.4,60.13,805,,Nasdaq
5/5/2023,63.01,24876340,61.6,63.15,61.34,806,,Nasdaq
5/8/2023,62.91,13935030,62.98,63.07,62.06,807,,Nasdaq
5/9/2023,61.85,16990480,62.27,62.41,61.59,808,,Nasdaq
5/10/2023,62.63,19175440,62.21,62.8,61.83,809,,Nasdaq
5/11/2023,62.77,14429940,62.66,62.85,61.8,810,,Nasdaq
5/12/2023,63.12,11942460,62.84,63.27,62.42,811,,Nasdaq
5/15/2023,63.98,14613570,63.19,64,62.85,812,,Nasdaq
5/16/2023,64.14,14969300,64.05,64.69,63.87,813,,Nasdaq
5/17/2023,65.75,24132980,64.74,66.09,64.46,814,,Nasdaq
5/18/2023,67.79,26388890,65.6,67.94,65.6,815,,Nasdaq
5/19/2023,68.23,22967900,68,68.5,67.84,816,,Nasdaq
5/22/2023,67.84,17797760,68.14,68.47,67.41,817,,Nasdaq
5/23/2023,68.65,36088020,69.06,69.9,68.2,818,,Nasdaq
5/24/2023,67.95,23020960,68.14,68.43,67.61,819,,Nasdaq
5/25/2023,72.88,49262570,69.94,73.24,69.08,820,,Nasdaq
5/26/2023,81.27,82500380,74.74,81.5,74.7,821,,Nasdaq
5/30/2023,80.33,116912000,83.51,92.18,79.88,822,,Nasdaq
5/31/2023,80.8,89997660,79.49,82.17,79.01,823,,Nasdaq
6/1/2023,79,80792280,80.06,80.58,78.52,824,,Nasdaq
6/2/2023,81.2,62814840,79.06,82.38,78.72,825,,Nasdaq
6/5/2023,80.23,26221960,80.92,80.92,79.45,826,,Nasdaq
6/6/2023,79,37823450,80.2,80.2,77.64,827,,Nasdaq
6/7/2023,79.26,28956990,78.98,80.55,78.75,828,,Nasdaq
6/8/2023,80.42,21917170,79.49,80.5,78.88,829,,Nasdaq
6/9/2023,80.46,19246880,80.58,81.77,80.39,830,,Nasdaq
6/12/2023,85.54,51097880,81.11,85.8,81.11,831,,Nasdaq
6/13/2023,85.11,38990270,86.11,86.33,84.1,832,,Nasdaq
6/14/2023,88.62,43523960,85.59,88.85,84.72,833,,Nasdaq
6/15/2023,88.34,33813530,88.44,88.8,87.1,834,,Nasdaq
6/16/2023,86.81,68298940,88.93,89,86.54,835,,Nasdaq
6/20/2023,86.8,27537230,86.27,87.71,86.1,836,,Nasdaq
6/21/2023,84.77,23228810,86,86.6,84.46,837,,Nasdaq
6/22/2023,84.24,23473260,84.51,84.89,83.53,838,,Nasdaq
6/23/2023,82.22,37413250,83.4,83.6,81.89,839,,Nasdaq
6/26/2023,82.16,21372150,82.5,83.7,82.02,840,,Nasdaq
6/27/2023,84.84,24922720,82.87,85,82.1,841,,Nasdaq
6/28/2023,84.79,19444750,83.87,85.85,83.71,842,,Nasdaq
6/29/2023,86.26,23385980,85.45,86.28,84.64,843,,Nasdaq
6/30/2023,86.74,23145170,86.85,87.46,86.43,844,,Nasdaq
7/3/2023,87.64,9032720,86.86,87.67,86.49,845,,Nasdaq
7/5/2023,86.19,14446420,86.74,87.69,86.18,846,,Nasdaq
7/6/2023,84.8,23950050,84.5,85.39,84.43,847,,Nasdaq
7/7/2023,84.68,19408660,85.04,85.8,84.47,848,,Nasdaq
7/10/2023,87.77,30621750,84.83,87.92,84.83,849,,Nasdaq
7/11/2023,88.21,25504460,88.11,88.3,86.46,850,,Nasdaq
7/12/2023,89,28196750,88.9,89.76,88.2,851,,Nasdaq
7/13/2023,89.04,25911990,89.89,89.89,87.83,852,,Nasdaq
7/14/2023,88.86,18510360,88.62,90.34,88.62,853,,Nasdaq
7/17/2023,91.04,26825210,89.1,91.32,88.98,854,,Nasdaq
7/18/2023,90.34,24518350,90.6,90.99,89.83,855,,Nasdaq
7/19/2023,90.14,24117560,89.73,90.6,88.56,856,,Nasdaq
7/20/2023,88.83,28268310,89.25,90.7,88.6,857,,Nasdaq
7/21/2023,89.68,74286760,90.45,91.12,89.38,858,,Nasdaq
7/24/2023,90.16,19993820,90.08,90.54,89.42,859,,Nasdaq
7/25/2023,91.8,20041610,90.06,92.32,90.06,860,,Nasdaq
7/26/2023,89.31,19876670,90.9,91.06,88.77,861,,Nasdaq
7/27/2023,89.35,21921780,90.85,90.99,88.6,862,,Nasdaq
7/28/2023,89.98,18794260,89.93,90.36,89.4,863,,Nasdaq
7/31/2023,89.87,14966920,89.75,90.1,89.1,864,,Nasdaq
8/1/2023,92,19706750,89.9,92.06,89.77,865,,Nasdaq
8/2/2023,89.23,26889570,91.23,91.3,89.03,866,,Nasdaq
8/3/2023,88.5,18292640,88.66,89.53,88.11,867,,Nasdaq
8/4/2023,88.17,21157850,88.5,89.36,87.34,868,,Nasdaq
8/7/2023,89.71,11145650,88.77,89.74,88.53,869,,Nasdaq
8/8/2023,88.32,14080910,89.01,89.06,87.34,870,,Nasdaq
8/9/2023,85.07,24672480,88.27,88.35,84.87,871,,Nasdaq
8/10/2023,84.29,20186130,85.31,86.15,83.71,872,,Nasdaq
8/11/2023,82.98,20331260,83.4,83.64,82.35,873,,Nasdaq
8/14/2023,85.41,17688000,83.11,85.42,82.74,874,,Nasdaq
8/15/2023,84.25,14036350,84.92,85.46,83.65,875,,Nasdaq
8/16/2023,83.3,16003010,84.78,85.45,83.2,876,,Nasdaq
8/17/2023,82.71,19227770,83.65,83.94,82.7,877,,Nasdaq
8/18/2023,82.58,17758690,82,82.82,81.2,878,,Nasdaq
8/21/2023,86.51,30011630,83.41,86.73,83.18,879,,Nasdaq
8/22/2023,85.58,17081640,87.34,87.48,85.09,880,,Nasdaq
8/23/2023,87.66,19692050,85.08,87.82,85,881,,Nasdaq
8/24/2023,85.45,30934310,90.24,90.99,85.25,882,,Nasdaq
8/25/2023,85.18,24180530,85.7,86.94,83.77,883,,Nasdaq
8/28/2023,86.11,14305960,85.64,86.41,84.71,884,,Nasdaq
8/29/2023,88.99,27822390,85.84,89.28,85.64,885,,Nasdaq
8/30/2023,89.23,23234240,89.24,89.87,87.91,886,,Nasdaq
8/31/2023,92.29,55202850,89.8,92.37,89.38,887,,Nasdaq
9/1/2023,87.25,65017160,90.19,90.19,86.47,888,,Nasdaq
9/5/2023,87.22,24808070,86.95,88.3,86.7,889,,Nasdaq
9/6/2023,87.23,20142460,87.25,87.74,86.67,890,,Nasdaq
9/7/2023,85.7,27789200,85.95,86.17,84.05,891,,Nasdaq
9/8/2023,85.76,16819000,85.5,86.08,85.01,892,,Nasdaq
9/11/2023,85.91,15710390,86.88,86.9,84.57,893,,Nasdaq
9/12/2023,84.45,16680270,85.02,85.83,84.17,894,,Nasdaq
9/13/2023,85.29,17412630,84.72,85.91,84.42,895,,Nasdaq
9/14/2023,87.16,19648280,85.9,87.67,85.5,896,,Nasdaq
9/15/2023,85.17,50189580,86.82,86.82,84.29,897,,Nasdaq
9/18/2023,85,16540860,84.26,85.63,84,898,,Nasdaq
9/19/2023,84.92,13131960,84.6,85.1,83.85,899,,Nasdaq
9/20/2023,83.06,13701710,85,85,83.04,900,,Nasdaq
9/21/2023,80.84,53671650,79.51,82.25,79.51,901,,Nasdaq
9/22/2023,82.91,27795010,81.12,83.06,81.04,902,,Nasdaq
9/25/2023,83.39,15647580,82.8,83.86,82.3,903,,Nasdaq
9/26/2023,81.62,17641380,82.92,83.03,81.12,904,,Nasdaq
9/27/2023,81.68,15352680,81.93,82.37,80.44,905,,Nasdaq
9/28/2023,83.2,16179940,82.02,83.89,81.47,906,,Nasdaq
9/29/2023,83.06,16481040,83.65,84.4,82.29,907,,Nasdaq
10/2/2023,83.5,14675780,82.91,83.86,82.35,908,,Nasdaq
10/3/2023,81.48,18760860,82.7,83.58,80.89,909,,Nasdaq
10/4/2023,82.38,16417060,82.03,83.06,81.63,910,,Nasdaq
10/5/2023,82.39,11474240,82.01,82.86,81.55,911,,Nasdaq
10/6/2023,84.53,21103190,81.94,84.84,81.17,912,,Nasdaq
10/9/2023,85.59,15759850,84.05,85.66,83.78,913,,Nasdaq
10/10/2023,85.84,14718070,85.72,87.25,85.57,914,,Nasdaq
10/11/2023,87.46,14334120,85.97,87.53,85.66,915,,Nasdaq
10/12/2023,90.56,43870550,87.64,91.79,87.64,916,,Nasdaq
10/13/2023,88.32,28333520,90.9,92.59,88.21,917,,Nasdaq
10/16/2023,90.26,21150480,89.1,91.58,89.1,918,,Nasdaq
10/17/2023,88.44,33008340,88.52,89.3,86.6,919,,Nasdaq
10/18/2023,88.7,20404340,87.99,89.56,87.52,920,,Nasdaq
10/19/2023,86.78,26619700,88.7,88.95,86.57,921,,Nasdaq
10/20/2023,85.36,26953070,87.49,87.49,85.18,922,,Nasdaq
10/23/2023,86.22,16455790,85.8,87.36,84.28,923,,Nasdaq
10/24/2023,88.11,14972440,86.4,88.3,86.31,924,,Nasdaq
10/25/2023,84.96,21431600,87.71,87.87,84.61,925,,Nasdaq
10/26/2023,82.68,27916560,84.79,85.44,81.83,926,,Nasdaq
10/27/2023,83.84,18236280,83,84.02,82.85,927,,Nasdaq
10/30/2023,84.13,20889460,84.11,84.94,82.72,928,,Nasdaq
10/31/2023,84.14,14747200,84.39,84.55,83.26,929,,Nasdaq
11/1/2023,85.29,18683910,84.2,85.38,83.56,930,,Nasdaq
11/2/2023,87.13,18759450,86.2,88.05,86,931,,Nasdaq
11/3/2023,88.27,18041290,87.75,88.75,87.11,932,,Nasdaq
11/6/2023,88.08,12871480,88.16,88.59,87.12,933,,Nasdaq
11/7/2023,89.78,19366650,88.23,90.18,87.62,934,,Nasdaq
11/8/2023,91.11,15279940,90,91.29,89.9,935,,Nasdaq
11/9/2023,91.14,24486210,91.25,92.98,90.86,936,,Nasdaq
11/10/2023,95.75,36287920,92.17,95.9,91.82,937,,Nasdaq
11/13/2023,94.69,16892970,95.01,95.24,94.05,938,,Nasdaq
11/14/2023,97.3,23885580,96.23,97.68,95.53,939,,Nasdaq
11/15/2023,97.54,16099480,97.95,98.18,96.69,940,,Nasdaq
11/16/2023,95.96,26198030,96.4,96.87,95.05,941,,Nasdaq
11/17/2023,97.77,19794610,95.82,98.39,95.1,942,,Nasdaq
11/20/2023,99.57,18680340,97.3,99.99,97.3,943,,Nasdaq
11/21/2023,98.12,43343840,97.5,99.1,97.16,944,,Nasdaq
11/22/2023,97.2,33750920,98.37,98.8,97.1,945,,Nasdaq
11/24/2023,97.89,23157890,97.5,97.99,96.68,946,,Nasdaq
11/27/2023,95.02,96962020,97.62,98.1,94.93,947,,Nasdaq
11/28/2023,94.64,39024940,93.99,95.09,93.42,948,,Nasdaq
11/29/2023,94.08,34842740,94.83,95.94,93.94,949,,Nasdaq
11/30/2023,92.57,49571100,94.1,94.24,91.84,950,,Nasdaq
12/1/2023,93,29612440,92.25,93.39,90.8,951,,Nasdaq
12/4/2023,92.4,25009210,92.06,93.1,91.64,952,,Nasdaq
12/5/2023,91.31,37065930,91.16,91.73,90.58,953,,Nasdaq
12/6/2023,90.36,24812690,92.04,92.1,90.31,954,,Nasdaq
12/7/2023,92.23,43516890,90.55,92.41,90.36,955,,Nasdaq
12/8/2023,94.43,69668420,92.78,95.07,91.05,956,,Nasdaq
12/11/2023,102.92,101183700,95.7,103.95,95.61,957,,Nasdaq
12/12/2023,107.23,90241550,102.8,107.94,102.46,958,,Nasdaq
12/13/2023,108.97,71653750,106.8,109.98,106.25,959,,Nasdaq
12/14/2023,110.65,66964020,109.22,112.15,109.03,960,,Nasdaq
12/15/2023,112.97,118543700,109.52,114.99,109.46,961,,Nasdaq
12/18/2023,114.7,54741370,112.08,115.18,111.86,962,,Nasdaq
12/19/2023,113.96,36020400,114.2,115.05,113.25,963,,Nasdaq
12/20/2023,111.04,34523350,113.27,114.14,110.93,964,,Nasdaq
12/21/2023,112.73,24105610,113.27,113.54,111.5,965,,Nasdaq
12/22/2023,112.2,19088970,112.8,113.2,111.35,966,,Nasdaq
12/26/2023,113.19,16793270,112.42,113.55,112.3,967,,Nasdaq
12/27/2023,112.62,20055230,113.6,113.96,112.3,968,,Nasdaq
12/28/2023,112.24,21249250,113.17,113.22,111.91,969,,Nasdaq
12/29/2023,111.63,20558000,112.15,112.44,111.47,970,,Nasdaq
1/2/2024,108.54,28831020,109.21,110.2,107.71,971,,Nasdaq
1/3/2024,105.86,34735470,107.02,107.5,105.53,972,,Nasdaq
1/4/2024,104.9,25658030,105.8,106.95,104.74,973,,Nasdaq
1/5/2024,104.93,22474690,105.16,105.55,104.15,974,,Nasdaq
1/8/2024,107.49,33110290,105.65,107.8,105.2,975,,Nasdaq
1/9/2024,108.25,23225340,106.56,108.86,106.47,976,,Nasdaq
1/10/2024,108.06,17643450,108.04,108.3,106.26,977,,Nasdaq
1/11/2024,110,25757220,108.43,110.13,107.45,978,,Nasdaq
1/12/2024,110.77,26881960,111.21,111.57,110,979,,Nasdaq
1/16/2024,111.5,26145080,111.23,112.62,109.86,980,,Nasdaq
1/17/2024,110.37,18314050,110.63,111.31,109.02,981,,Nasdaq
1/18/2024,114.39,32228400,112.49,114.65,112.19,982,,Nasdaq
1/19/2024,121.12,53077120,115.73,121.7,115.6,983,,Nasdaq
1/22/2024,122.05,31222240,121.63,123.13,120.82,984,,Nasdaq
1/23/2024,122.63,16952110,122.1,122.7,120.35,985,,Nasdaq
1/24/2024,125.39,34804820,124.23,128.46,123.1,986,,Nasdaq
1/25/2024,123,36356100,128.1,128.1,122.88,987,,Nasdaq
1/26/2024,120.49,25817600,121.97,122.12,120.02,988,,Nasdaq
1/29/2024,121.78,21526470,121.49,122.37,120.5,989,,Nasdaq
1/30/2024,120.82,20682540,121.68,122.8,120.43,990,,Nasdaq
1/31/2024,118,27400190,118.95,119.72,117.43,991,,Nasdaq
2/1/2024,120,19411280,118.74,120.31,117.91,992,,Nasdaq
2/2/2024,122.43,26689290,120.88,123.47,120.52,993,,Nasdaq
2/5/2024,124.31,22044520,122.7,124.78,122.22,994,,Nasdaq
2/6/2024,122.27,25354100,126.36,127.21,121.19,995,,Nasdaq
2/7/2024,125.71,25767750,123.4,125.95,122.67,996,,Nasdaq
2/8/2024,127.48,29326240,126.7,129.6,126.5,997,,Nasdaq
2/9/2024,128.34,26292890,125.2,128.58,124.9,998,,Nasdaq
2/12/2024,126.5,24778220,129,129.01,125.9,999,,Nasdaq
2/13/2024,125.17,31906520,123.51,125.59,122.71,1000,,Nasdaq
2/14/2024,126.22,27306260,126.92,127.3,124.13,1001,,Nasdaq
2/15/2024,126.51,21873440,128,128,124.49,1002,,Nasdaq
2/16/2024,124.55,21268050,125.9,127.57,124.24,1003,,Nasdaq
2/20/2024,122.66,26329190,123.59,123.77,121.26,1004,,Nasdaq
2/21/2024,122.75,20639830,121.8,122.81,120.26,1005,,Nasdaq
2/22/2024,130.49,40819260,128.17,131.1,127.65,1006,,Nasdaq
2/23/2024,129.64,23114640,130.84,131.96,128.88,1007,,Nasdaq
2/26/2024,130.91,16282480,131,131.88,130.15,1008,,Nasdaq
2/27/2024,129.62,12126050,130.91,131.19,129.22,1009,,Nasdaq
2/28/2024,128.94,10967180,129.3,129.85,128.3,1010,,Nasdaq
2/29/2024,130.05,27535640,130.33,130.84,128.73,1011,,Nasdaq
3/1/2024,139.92,44487720,132.59,140.78,132,1012,,Nasdaq
3/4/2024,140.23,34854180,140.32,143.82,138.52,1013,,Nasdaq
3/5/2024,134.28,36039750,139.5,139.5,133.24,1014,,Nasdaq
3/6/2024,135,43195890,139.16,139.48,134.71,1015,,Nasdaq
3/7/2024,140.7,62831770,138.2,141.43,137.29,1016,,Nasdaq
3/8/2024,130.87,74024840,139.43,141.3,130.16,1017,,Nasdaq
3/11/2024,129.31,31105120,127.79,129.9,125.26,1018,,Nasdaq
3/12/2024,129.19,42789130,130.7,130.78,125.93,1019,,Nasdaq
3/13/2024,125.79,37838480,128.29,128.29,125.24,1020,,Nasdaq
3/14/2024,126.23,38029380,126.25,127.31,124.77,1021,,Nasdaq
3/15/2024,123.55,88822510,125.35,126.74,123.01,1022,,Nasdaq
3/18/2024,123.72,25737160,125.4,126.29,123.17,1023,,Nasdaq
3/19/2024,123.8,24490870,121.7,124.03,120.4,1024,,Nasdaq
3/20/2024,127.6,40946140,123.9,128.8,122.66,1025,,Nasdaq
3/21/2024,134.8,72467730,132.83,140.36,131.6,1026,,Nasdaq
3/22/2024,135.35,38623860,135,137.62,134.62,1027,,Nasdaq
3/25/2024,135.16,21236600,134.5,135.84,133.75,1028,,Nasdaq
3/26/2024,133.15,23522180,136.47,137.99,133.05,1029,,Nasdaq
3/27/2024,131.87,25582650,135,135,129.6,1030,,Nasdaq
3/28/2024,132.54,19855520,131.79,133.01,131.15,1031,,Nasdaq
4/1/2024,135.03,17251960,132.57,136.3,132.54,1032,,Nasdaq
4/2/2024,133.88,24693560,131.58,134.24,130.34,1033,,Nasdaq
4/3/2024,136.32,28650420,132.8,137.68,132.53,1034,,Nasdaq
4/4/2024,131.75,27013650,138.53,140.4,131.5,1035,,Nasdaq
4/5/2024,133.94,19438280,132.6,136.12,131.42,1036,,Nasdaq
4/8/2024,133.61,17139170,133.37,134.25,131.58,1037,,Nasdaq
4/9/2024,133.41,18007940,135.74,135.95,130.86,1038,,Nasdaq
4/10/2024,132.24,17466520,132.3,133.58,131.55,1039,,Nasdaq
4/11/2024,138.25,31713310,133.27,139.19,132.37,1040,,Nasdaq
4/12/2024,134.41,27823320,135.2,136.65,133.66,1041,,Nasdaq
4/15/2024,131.07,24370450,137,137,130.6,1042,,Nasdaq
4/16/2024,132.91,18922740,131.54,133.63,131.1,1043,,Nasdaq
4/17/2024,128.26,24717800,134.31,134.7,128.14,1044,,Nasdaq
4/18/2024,125.9,24888030,128.8,129.27,125.55,1045,,Nasdaq
4/19/2024,120.47,44796580,125.9,126,119.76,1046,,Nasdaq
4/22/2024,122.45,25162180,122.45,123.32,120.05,1047,,Nasdaq
4/23/2024,124.92,22025130,122.82,125.79,122.8,1048,,Nasdaq
4/24/2024,125.68,20107930,126.39,128.56,124.5,1049,,Nasdaq
4/25/2024,129.44,30409670,127.25,130.8,125.7,1050,,Nasdaq
4/26/2024,134.41,24099830,131,135.58,130.31,1051,,Nasdaq
4/29/2024,133.86,13371790,134.41,135.3,132.57,1052,,Nasdaq
4/30/2024,130.03,22113360,132.89,134.84,129.91,1053,,Nasdaq
5/1/2024,124.29,30957830,127.83,129.24,124.13,1054,,Nasdaq
5/2/2024,123.86,29479680,125.63,126.45,122.33,1055,,Nasdaq
5/3/2024,127.81,24897550,125.9,128.39,124.71,1056,,Nasdaq
5/6/2024,131.03,16287080,128.62,131.08,127.51,1057,,Nasdaq
5/7/2024,130.31,12412830,131.64,131.9,129.68,1058,,Nasdaq
5/8/2024,132.54,13917640,129.35,133.79,128.85,1059,,Nasdaq
5/9/2024,130.57,12169550,131.78,132.16,130.2,1060,,Nasdaq
5/10/2024,133.28,16299530,131.53,134.4,131.53,1061,,Nasdaq
5/13/2024,133.75,18507030,134.8,135.84,133.01,1062,,Nasdaq
5/14/2024,138,19420290,133.23,138.2,132.58,1063,,Nasdaq
5/15/2024,143.62,32757380,138,143.9,137,1064,,Nasdaq
5/16/2024,141.21,28395030,142.6,144.54,140.51,1065,,Nasdaq
5/17/2024,139.53,18173670,141.24,141.95,138.18,1066,,Nasdaq
5/20/2024,141.4,27169950,139.6,141.69,139.32,1067,,Nasdaq
5/21/2024,139.92,15332510,139.87,140.94,139.35,1068,,Nasdaq
5/22/2024,139.22,21002120,139.6,140.5,138.42,1069,,Nasdaq
5/23/2024,139.33,31038990,142.84,142.9,137.8,1070,,Nasdaq
5/24/2024,140.78,16729960,139.98,141.36,139.2,1071,,Nasdaq
5/28/2024,141.25,22918860,141,141.72,139.25,1072,,Nasdaq
5/29/2024,139.07,26860550,139.91,139.91,138.3,1073,,Nasdaq
5/30/2024,136.41,21728280,137.9,138.28,135.56,1074,,Nasdaq
5/31/2024,132.86,73091320,136.14,136.26,130.73,1075,,Nasdaq
6/3/2024,132.19,26278470,135.27,135.3,130.25,1076,,Nasdaq
6/4/2024,133.08,23048140,132.04,133.2,130.7,1077,,Nasdaq
6/5/2024,141.31,32946560,134.6,141.44,134.05,1078,,Nasdaq
6/6/2024,140.13,20171810,142.19,142.27,138.82,1079,,Nasdaq
6/7/2024,140.66,17859030,140.78,142.5,139.7,1080,,Nasdaq
6/10/2024,144.05,31081710,140.98,144.91,140.91,1081,,Nasdaq
6/11/2024,146.1,34844320,143.82,146.5,141.62,1082,,Nasdaq
6/12/2024,149.55,56697370,150,150.58,147.64,1083,,Nasdaq
6/13/2024,167.9,89060650,171,173.59,165.25,1084,,Nasdaq
6/14/2024,173.5,69704710,168.69,174.72,168.21,1085,,Nasdaq
6/17/2024,182.89,87527620,180,184.3,177.86,1086,,Nasdaq
6/18/2024,180.25,86796740,183.96,185.16,178.5,1087,,Nasdaq
6/20/2024,173.46,68156620,180.35,180.48,172.22,1088,,Nasdaq
6/21/2024,165.86,99998610,169.57,171.4,165.14,1089,,Nasdaq
6/24/2024,159.22,58575380,164.21,166.1,159.07,1090,,Nasdaq
6/25/2024,158.08,56810450,160.01,160.6,156.4,1091,,Nasdaq
6/26/2024,159.2,46478750,159.76,161.82,157.36,1092,,Nasdaq
6/27/2024,158.67,31649060,159.2,160.56,157.1,1093,,Nasdaq
6/28/2024,160.55,69376630,159.59,163.92,158.6,1094,,Nasdaq
7/1/2024,164.08,47623440,160.82,164.88,159.35,1095,,Nasdaq
7/2/2024,165.75,32538840,164.08,165.92,162.2,1096,,Nasdaq
7/3/2024,172.92,39953820,167,172.92,166.45,1097,,Nasdaq
7/5/2024,170.33,45240480,175.56,176.55,169.6,1098,,Nasdaq
7/8/2024,174.59,36398460,170.5,175.69,170.5,1099,,Nasdaq
7/9/2024,173.33,37916210,175.66,177.1,170.56,1100,,Nasdaq
7/10/2024,174.47,41074200,174.6,176.65,172.64,1101,,Nasdaq
7/11/2024,170.6,51111680,176.47,176.49,166.85,1102,,Nasdaq
7/12/2024,170.07,30453000,171.1,172.59,169.13,1103,,Nasdaq
7/15/2024,171.42,22999200,170,173.51,169.26,1104,,Nasdaq
7/16/2024,169.38,22244940,172.4,172.81,166.4,1105,,Nasdaq
7/17/2024,155.98,43343360,162.31,162.84,155.61,1106,,Nasdaq
7/18/2024,160.52,37973500,158.89,161.51,153.9,1107,,Nasdaq
7/19/2024,157.35,26309550,161.84,163.95,157.12,1108,,Nasdaq
7/22/2024,161.06,28813330,160.23,162.99,157.9,1109,,Nasdaq
7/23/2024,163.77,21570180,160.4,165.33,159.9,1110,,Nasdaq
7/24/2024,151.34,37162620,160.36,161.41,151.1,1111,,Nasdaq
7/25/2024,149.26,30872130,151.26,153.55,145.52,1112,,Nasdaq
7/26/2024,151.63,20839870,153.5,153.58,149.92,1113,,Nasdaq
7/29/2024,150.22,16625760,152.02,155,149.15,1114,,Nasdaq
7/30/2024,143.52,31102340,153.28,153.47,143.35,1115,,Nasdaq
7/31/2024,160.68,45827510,151.47,161.33,151,1116,,Nasdaq
8/1/2024,147.02,40319960,157.5,158.91,146.17,1117,,Nasdaq
8/2/2024,143.82,33745840,141.93,145.35,139.6,1118,,Nasdaq
8/5/2024,142.08,41309260,129.61,145.42,128.5,1119,,Nasdaq
8/6/2024,143.92,24751290,141.73,148.91,140.25,1120,,Nasdaq
8/7/2024,136.27,29749760,148.25,150.1,135.83,1121,,Nasdaq
8/8/2024,145.74,27583200,141.2,146.27,138.4,1122,,Nasdaq
8/9/2024,148.26,18438660,144.2,149.55,144.11,1123,,Nasdaq
8/12/2024,148.62,17778470,148.08,151.13,146.37,1124,,Nasdaq
8/13/2024,156.16,22053600,151.55,156.38,149.81,1125,,Nasdaq
8/14/2024,157.69,20184200,158.02,160.25,154.72,1126,,Nasdaq
8/15/2024,166.13,27944970,161.2,166.67,160.34,1127,,Nasdaq
8/16/2024,165.72,19296870,164.47,166.09,162.68,1128,,Nasdaq
8/19/2024,167.71,20441690,164.86,167.83,160.42,1129,,Nasdaq
8/20/2024,165.95,19417490,167.05,168.37,164.15,1130,,Nasdaq
8/21/2024,165.78,16097690,165.12,166.47,162.88,1131,,Nasdaq
8/22/2024,162.34,30044530,170.84,172.42,161.49,1132,,Nasdaq
8/23/2024,166.36,18848020,165.03,168.28,163.46,1133,,Nasdaq
8/26/2024,159.62,18521150,164.96,165.7,158.66,1134,,Nasdaq
8/27/2024,161.39,16683110,157.6,162.03,155.83,1135,,Nasdaq
8/28/2024,158.18,18063620,160.08,162.28,156.25,1136,,Nasdaq
8/29/2024,156.93,23519290,158.49,163.2,155.41,1137,,Nasdaq
8/30/2024,162.82,25158510,161.12,163.24,158.71,1138,,Nasdaq
9/3/2024,152.79,37179060,160.38,160.74,151.38,1139,,Nasdaq
9/4/2024,154.12,20324060,150.3,157.79,149.15,1140,,Nasdaq
9/5/2024,152.82,31548540,150.57,156.36,150.11,1141,,Nasdaq
9/6/2024,137,76634630,143.25,143.5,136.6,1142,,Nasdaq
9/9/2024,140.82,39516690,139.11,141.59,134.9,1143,,Nasdaq
9/10/2024,148.21,36067470,141.22,149.86,141.04,1144,,Nasdaq
9/11/2024,158.27,39700770,148.39,158.87,145.04,1145,,Nasdaq
9/12/2024,164.56,43581920,158.1,166.32,156.83,1146,,Nasdaq
9/13/2024,167.69,29850050,166.74,168.08,164.04,1147,,Nasdaq
9/16/2024,164.02,26126930,165.19,165.5,160.41,1148,,Nasdaq
9/17/2024,162.47,19844340,165.49,166.02,160.7,1149,,Nasdaq
9/18/2024,161.67,26557560,163.77,167.47,161.36,1150,,Nasdaq
9/19/2024,167.42,32453060,167.68,170,165.66,1151,,Nasdaq
9/20/2024,171.1,91758510,167.18,172.02,166.47,1152,,Nasdaq
9/23/2024,172.94,29431110,172,173.32,168.35,1153,,Nasdaq
9/24/2024,174.84,34223410,172.81,175.99,171.68,1154,,Nasdaq
9/25/2024,175.52,16613800,174.65,177.14,173.76,1155,,Nasdaq
9/26/2024,178.09,24340000,178.5,180.25,175,1156,,Nasdaq
9/27/2024,172.69,20580910,178.17,178.47,171.76,1157,,Nasdaq
9/30/2024,172.5,16900030,171.87,172.92,169.63,1158,,Nasdaq
10/1/2024,167.47,23770420,172.16,172.25,165.8,1159,,Nasdaq
10/2/2024,170.66,14317830,167.55,172.84,167.02,1160,,Nasdaq
10/3/2024,171.89,13072280,169.62,174.94,169.19,1161,,Nasdaq
10/4/2024,176.64,17941390,176.3,176.9,172.6,1162,,Nasdaq
10/7/2024,175.08,15588330,174.82,178.31,173.86,1163,,Nasdaq
10/8/2024,180.73,20774190,175.42,181.6,174.89,1164,,Nasdaq
10/9/2024,185.95,25504060,179.24,186.42,176.42,1165,,Nasdaq
10/10/2024,185.69,16317970,183.56,186.31,182.53,1166,,Nasdaq
10/11/2024,181.48,23070020,181.14,182.59,177.4,1167,,Nasdaq
10/14/2024,182.31,17195820,183.3,184.95,180.13,1168,,Nasdaq
10/15/2024,175.98,27657530,180.79,181.7,173.37,1169,,Nasdaq
10/16/2024,176.82,15285050,178.51,179.25,175.33,1170,,Nasdaq
10/17/2024,181.53,25232430,181.37,185.51,180.69,1171,,Nasdaq
10/18/2024,179.89,17835250,182.32,182.71,178.68,1172,,Nasdaq
10/21/2024,179.99,13695150,179.38,181.72,178.25,1173,,Nasdaq
10/22/2024,179.38,12062650,178.66,180.69,177.41,1174,,Nasdaq
10/23/2024,173.51,19513710,177.59,178.98,172.57,1175,,Nasdaq
10/24/2024,171.35,20485170,174.26,174.3,169.5,1176,,Nasdaq
10/25/2024,173,19977680,174.19,176.8,172.72,1177,,Nasdaq
10/28/2024,172.02,13195830,173,173.97,171.35,1178,,Nasdaq
10/29/2024,179.24,23702340,172.44,180.23,171.21,1179,,Nasdaq
10/30/2024,176.64,17911490,177.47,179.19,175.62,1180,,Nasdaq
10/31/2024,169.77,26086590,174.45,174.45,167.38,1181,,Nasdaq
11/1/2024,168.92,17847040,168.26,171.33,167.5,1182,,Nasdaq
11/4/2024,168.55,13621310,169.28,172.45,168.42,1183,,Nasdaq
11/5/2024,173.9,13441750,170.05,174.4,170.05,1184,,Nasdaq
11/6/2024,179.55,24300760,179.63,180.21,175.96,1185,,Nasdaq
11/7/2024,183.81,18970580,181.99,184.87,181.79,1186,,Nasdaq
11/8/2024,183.64,13503150,182.99,185.05,181.83,1187,,Nasdaq
11/11/2024,178.91,17036660,183.4,183.63,176.82,1188,,Nasdaq
11/12/2024,176.22,15861980,178.9,179.56,173.2,1189,,Nasdaq
11/13/2024,173.58,17472510,174.71,175.59,172.6,1190,,Nasdaq
11/14/2024,170.38,20638860,174.77,175.57,169.87,1191,,Nasdaq
11/15/2024,164.84,20836160,168.47,169.14,163.43,1192,,Nasdaq
11/18/2024,165.67,17870330,165.66,166.35,162.22,1193,,Nasdaq
11/19/2024,165.35,18003400,166.66,166.8,164.31,1194,,Nasdaq
11/20/2024,163.25,17196730,165.54,165.54,160.86,1195,,Nasdaq
11/21/2024,163.94,24835250,166.25,166.34,160.6,1196,,Nasdaq
11/22/2024,164.23,17332470,164.3,164.91,162.4,1197,,Nasdaq
11/25/2024,164.82,26850590,165.4,167.23,162.89,1198,,Nasdaq
11/26/2024,164.74,16308770,164.6,166.37,162.69,1199,,Nasdaq
11/27/2024,159.67,19722720,163.2,163.2,157.54,1200,,Nasdaq
11/29/2024,162.08,11024010,159.57,162.69,159.08,1201,,Nasdaq
12/2/2024,166.51,21472440,162.95,168.38,162.75,1202,,Nasdaq
12/3/2024,168.15,17024430,164.48,168.27,164.03,1203,,Nasdaq
12/4/2024,170.56,32748250,173.44,175.39,168.56,1204,,Nasdaq
12/5/2024,170.47,18489990,170.75,172.4,169.2,1205,,Nasdaq
12/6/2024,179.53,27830830,170.1,180.68,169.33,1206,,Nasdaq
12/9/2024,178.94,20886310,178.95,180.79,176.02,1207,,Nasdaq
12/10/2024,171.81,27762630,177.81,178.5,169.73,1208,,Nasdaq
12/11/2024,183.2,41295180,180.01,184.87,176.43,1209,,Nasdaq
12/12/2024,180.66,46967170,180.93,182,175.99,1210,,Nasdaq
12/13/2024,224.8,121336600,213.9,228.7,211.11,1211,,Nasdaq
12/16/2024,250,111623200,231.79,251.88,230.81,1212,,Nasdaq
12/17/2024,240.23,70382130,240.65,242.47,233.8,1213,,Nasdaq
12/18/2024,223.62,53960100,239.41,239.85,219.22,1214,,Nasdaq
12/19/2024,218.32,40845170,227.91,228.05,217.58,1215,,Nasdaq
12/20/2024,220.79,131910400,220.36,230.29,218.91,1216,,Nasdaq
12/23/2024,232.35,40643780,226.69,233.4,225.13,1217,,Nasdaq
12/24/2024,239.68,22827190,240.12,240.23,234.8,1218,,Nasdaq
12/26/2024,245.36,28537540,240,247.28,237.6,1219,,Nasdaq
12/27/2024,241.75,29282230,245.64,245.78,236.35,1220,,Nasdaq
12/30/2024,235.58,27316800,234.7,238.77,231.62,1221,,Nasdaq
12/31/2024,231.84,17927720,235.88,237.46,231.31,1222,,Nasdaq
1/2/2025,231.98,31525830,236.16,239.5,230.24,1223,,Nasdaq
1/3/2025,232.55,24973190,233.59,236.49,229,1224,,Nasdaq
1/6/2025,236.41,34028380,236.5,241.75,233.3,1225,,Nasdaq
1/7/2025,228.64,25928610,239.5,239.5,227.6,1226,,Nasdaq
1/8/2025,229.31,18756490,229.7,232.47,226.06,1227,,Nasdaq
1/10/2025,224.31,23864010,227.3,227.83,221.25,1228,,Nasdaq
1/13/2025,225.29,23772090,219.99,229.26,219.51,1229,,Nasdaq
1/14/2025,224.7,18143120,226.57,230.26,223.1,1230,,Nasdaq
1/15/2025,228,21745620,228.55,230.34,225.58,1231,,Nasdaq
1/16/2025,229.41,23471870,235.22,238.6,229.21,1232,,Nasdaq
1/17/2025,237.44,31196640,237.08,238.1,232.66,1233,,Nasdaq
1/21/2025,240.31,30903190,241.5,242.75,237.4,1234,,Nasdaq
1/22/2025,240.91,29610500,246.75,246.99,240.69,1235,,Nasdaq
1/23/2025,240.28,17653940,238.41,240.4,236.12,1236,,Nasdaq
1/24/2025,244.7,25387830,244.7,249.59,241.91,1237,,Nasdaq
1/27/2025,202.13,90569380,213.4,218.43,196.23,1238,,Nasdaq
1/28/2025,207.36,50315990,208.01,209.95,198.89,1239,,Nasdaq
1/29/2025,206.35,32533740,208.84,211.45,202.77,1240,,Nasdaq
1/30/2025,215.66,42449480,218.57,221.96,213.7,1241,,Nasdaq
1/31/2025,221.27,41150980,219.66,226.8,216.3,1242,,Nasdaq
2/3/2025,217.73,24507270,215.46,220.94,213.51,1243,,Nasdaq
2/4/2025,222.43,23768520,219.35,223.03,215.3,1244,,Nasdaq
2/5/2025,232,29250580,233.94,237.93,227.5,1245,,Nasdaq
2/6/2025,231.36,21169530,234.5,234.8,228.56,1246,,Nasdaq
2/7/2025,224.87,22117470,235,235.65,224.11,1247,,Nasdaq
2/10/2025,235.04,23901640,227.43,235.82,227.12,1248,,Nasdaq
2/11/2025,235.04,18476200,232.48,237.89,229.97,1249,,Nasdaq
2/12/2025,236.35,16397340,230.36,236.48,230,1250,,Nasdaq
2/13/2025,235.8,20962030,236.06,236.95,230.73,1251,,Nasdaq
2/14/2025,233.04,16988780,234.53,235.74,228.9,1252,,Nasdaq
2/18/2025,228.53,26080550,230.1,232.2,224.3,1253,,Nasdaq
2/19/2025,228.73,16375490,227.85,229.07,224.4,1254,,Nasdaq
2/20/2025,226.74,16104000,228.65,228.98,222.75,1255,,Nasdaq
2/21/2025,218.66,24883560,225.65,227.75,215.63,1256,,Nasdaq
